state_id,year,anxiety_ct,PTSD_ct,ADHD_ct,bipolar_ct,depression_ct,total_service,population_est,util_rate,max_ADHD,max_PTSD,max_anxiety,max_bipolar,max_depression,max_mental hospital,max_psychiatrists near me,max_psychologist near me,max_therapist near me,mean_ADHD,mean_PTSD,mean_anxiety,mean_bipolar,mean_depression,mean_mental hospital,mean_psychiatrists near me,mean_psychologist near me,mean_therapist near me,median_ADHD,median_PTSD,median_anxiety,median_bipolar,median_depression,median_mental hospital,median_psychiatrists near me,median_psychologist near me,median_therapist near me
1,2022,20178,14932,15629,11650,30545,650711,5074296,0.128236705,51,17,100,27,80,49,6,14,67,43.66666667,14.25,89.08333333,21.66666667,64.58333333,39.5,0.916666667,9.666666667,56.75,44.5,14,89.5,21.5,63.5,39,0,10,58
2,2022,1547,2955,538,415,2238,65893,733583,0.08982351,68,26,100,27,92,0,0,0,51,60.33333333,20.41666667,90.5,22.5,69.66666667,0,0,0,12.41666667,64,21,88,22,69,0,0,0,0
4,2022,130705,95014,44115,36904,97650,2975793,7359197,0.404363818,55,17,100,28,77,59,6,26,82,50.66666667,15.25,87.58333333,23.25,66.41666667,47.08333333,0.5,17.66666667,71.08333333,51.5,15,88.5,23,65,46,0,17,72
5,2022,8850,12711,3718,5940,17278,504337,3045637,0.165593273,55,20,97,27,88,75,0,12,89,46.16666667,17.25,88.58333333,23.91666667,66.16666667,61.16666667,0,2.833333333,70.91666667,46.5,17,87,24,65,61.5,0,0,70.5
6,2022,99690,100109,34247,42613,143057,4182341,39029342,0.107158891,51,16,98,24,77,62,3,17,79,47.83333333,14.16666667,90.75,20.75,67.91666667,54.25,2.416666667,13.91666667,70.08333333,48.5,14,91.5,20.5,66.5,54,2,13.5,70
8,2022,31019,41942,10761,15568,39352,920607,5839926,0.157640182,58,20,90,25,69,61,8,14,84,51.5,15.83333333,81.83333333,22.33333333,61.33333333,51.66666667,1.166666667,11.58333333,72.5,51.5,15.5,83.5,22.5,62,50.5,0,12,73
9,2022,10931,10323,2261,7197,15206,655342,3626205,0.180723925,50,18,100,25,73,64,11,26,85,44,14.83333333,89.33333333,21.66666667,60.5,47.75,1.666666667,17.91666667,71.25,45,15,88,21.5,60.5,46,0,19,69.5
10,2022,1540,1772,924,2140,3329,112165,1018396,0.110138885,49,18,100,27,73,65,26,29,89,41.83333333,15.25,85.91666667,23.33333333,63.25,37.41666667,2.166666667,4.25,68,42,15,84,24.5,63,36,0,0,70.5
11,2022,2010,3697,963,4914,9892,294301,671803,0.438076341,67,20,100,26,76,53,0,0,94,56.08333333,16.25,89.5,22.33333333,65.83333333,26.66666667,0,0,65.25,53.5,16,88.5,22.5,66.5,32.5,0,0,64
12,2022,33119,55853,17686,38885,90906,2395324,22244823,0.107680066,46,16,93,24,100,45,3,23,79,42.66666667,14.58333333,87.41666667,21.33333333,65.91666667,37.91666667,2.166666667,19.75,66.66666667,43.5,15,88,20.5,64,37,2,19.5,67.5
13,2022,30835,23577,9899,23716,40135,868549,10912876,0.079589377,46,18,100,26,81,52,3,20,87,43.08333333,14.91666667,87.66666667,22.16666667,64.66666667,44.75,0.75,15.75,70.33333333,43.5,15,87,21.5,62,46,0,16,69.5
15,2022,864,3142,525,840,1686,63992,1440196,0.044432841,56,22,94,26,83,59,0,45,79,48.58333333,18.25,85.75,22.08333333,67,27.16666667,0,3.75,51.75,48,18.5,85.5,23,65,32.5,0,0,47.5
16,2022,1000,606,717,903,1690,102728,1939033,0.052978985,60,19,100,28,80,79,0,33,93,52.91666667,15.75,87.33333333,24.16666667,66.25,60.58333333,0,4.833333333,69.41666667,54,16,86,24.5,66.5,58.5,0,0,70.5
17,2022,6101,4847,1682,4441,7936,191205,12582032,0.015196671,49,16,100,26,74,65,4,21,94,43.5,14,89,21.91666667,58.83333333,57.66666667,1.583333333,16.08333333,77.08333333,43.5,14,88.5,22,57.5,58,1.5,17,75
18,2022,59176,34379,26263,13936,55223,1007339,6833037,0.147421856,52,15,100,25,68,59,5,20,80,46.83333333,13.25,86.41666667,22,62,47.66666667,0.75,14.5,71.75,49,13.5,84,22,63,46,0,15,73.5
19,2022,114582,48923,3,19489,78030,2109182,3200517,0.659012903,53,17,96,29,82,56,0,15,78,46.25,13.41666667,87.25,22.08333333,63,45.16666667,0,4.666666667,65.25,47,13,87,21.5,63,45.5,0,0,62.5
20,2022,17653,13978,6462,4783,20656,394941,2937150,0.134464021,59,18,100,26,78,64,0,19,73,50.83333333,15.08333333,90,22.83333333,64.25,46.83333333,0,6.833333333,60.16666667,51,15.5,88.5,23,64,46.5,0,5.5,59
21,2022,40654,36274,17770,11741,42501,1048536,4512310,0.232372333,51,16,94,27,73,57,9,20,82,45.16666667,14.08333333,86.33333333,21.91666667,61.08333333,50.66666667,0.75,10.83333333,63.58333333,45.5,14,86,21.5,62,51.5,0,11.5,63.5
22,2022,6042,2679,2278,3301,7939,306122,4590241,0.066689745,45,16,93,25,71,88,0,25,91,39.66666667,13.91666667,84.41666667,21.5,62.75,76.91666667,0,12.91666667,74.83333333,40.5,14,85,21,60.5,76.5,0,13.5,74.5
25,2022,2693,2009,845,2518,3026,169633,6981974,0.024295851,52,16,100,27,63,70,6,19,82,46.5,13.75,81.08333333,21.75,55.41666667,62.66666667,2.75,15.5,71.08333333,47,13.5,78.5,21.5,56.5,64.5,2.5,16,72.5
26,2022,57651,54487,32421,40461,81454,1986510,10034113,0.197975646,51,15,96,25,67,59,5,19,92,45.25,12.58333333,84.5,21.5,56.66666667,47.58333333,1.666666667,15.33333333,75.25,46,12,83,22,57,47,0,15.5,72.5
27,2022,177155,123052,54182,25215,137173,2388507,5717184,0.417776829,58,18,96,24,79,77,8,19,100,52.16666667,15.66666667,84.75,20.33333333,62.91666667,60.83333333,0.666666667,15.08333333,83.91666667,52.5,15.5,85.5,20,63,60,0,16.5,85
28,2022,22950,18016,22028,12248,33402,776895,2940057,0.264244877,48,19,99,27,85,65,0,19,78,42.33333333,16.16666667,89.33333333,23,68.25,54.66666667,0,5.083333333,65.08333333,43.5,16,88.5,23,70.5,55,0,0,65.5
29,2022,27030,15486,10732,14555,32197,526979,6177957,0.085299881,55,17,96,25,80,69,7,20,82,48.33333333,15,84.91666667,22,65.66666667,50.66666667,0.583333333,14.33333333,72.08333333,49.5,15,85.5,22,64.5,49,0,14.5,73.5
30,2022,35540,16043,8251,7291,30319,558397,1122867,0.497295762,59,20,95,30,81,70,0,0,84,48.08333333,17,84.58333333,22.83333333,64.83333333,41.41666667,0,0,53,46.5,17,83,22,63.5,46.5,0,0,53
31,2022,4360,3522,1131,3013,5862,154891,1967923,0.078707856,56,21,100,30,79,71,0,31,74,51.58333333,15.5,90,24.66666667,64.91666667,50.66666667,0,6,59.58333333,53,15.5,90,24.5,64,52,0,0,61
32,2022,1673,1417,474,907,1824,127220,3177772,0.040034339,51,19,98,26,77,76,0,17,68,46.75,16,91,23.91666667,64.08333333,64.25,0,7.5,58.33333333,48,16,90.5,24,63,65.5,0,7,58.5
34,2022,33537,61155,23075,29314,76813,2863135,9261699,0.309137125,52,15,100,26,72,44,6,24,87,44.75,13,90.83333333,22.83333333,61.33333333,34.16666667,3.666666667,20.5,74.33333333,44,13,90,23,63,34,4,20,73.5
35,2022,54038,49627,14126,13166,41275,1485048,2113344,0.702700554,50,20,98,29,82,59,27,19,72,43.5,18.58333333,91.83333333,24.41666667,67.91666667,53.5,2.25,1.583333333,55.91666667,43.5,18.5,92.5,24.5,66.5,55,0,0,52
36,2022,7015,12392,3253,5414,9572,334432,19677151,0.016995956,46,15,94,24,75,58,5,23,87,42.5,13.33333333,86.33333333,20.83333333,61.25,49.83333333,2.833333333,19.25,78.16666667,42.5,13.5,85,20.5,60,49.5,3,18.5,79.5
37,2022,21036,21691,4896,17431,35278,671189,10698973,0.062733965,51,18,99,27,89,64,3,19,94,47.08333333,15.75,90.75,22.83333333,67.5,46.75,0.25,13.25,76.66666667,47,16,90,22.5,67,45,0,13.5,77.5
38,2022,3746,2009,1059,974,3017,80185,779261,0.102898772,52,19,100,23,77,53,0,0,56,45.33333333,14.41666667,84.5,19.16666667,61.5,4.416666667,0,0,26.83333333,44.5,14.5,83,19,63.5,0,0,0,39
39,2022,21400,25276,10547,7801,22226,520693,11756058,0.044291462,47,17,100,26,75,71,5,28,89,42.5,14.16666667,88.91666667,21.75,59.83333333,57.33333333,2.333333333,20.25,77.25,43,14,87,22,61,55.5,3,19,76.5
40,2022,22000,28255,5005,10117,39187,822927,4019800,0.204718394,58,19,100,27,83,95,12,20,80,50,16.66666667,91.25,23.83333333,67.58333333,77,1,12.83333333,66.75,51.5,17,91,24,66.5,78,0,12.5,69
41,2022,71685,65935,19061,13104,50614,1200905,4240137,0.28322316,65,19,100,26,71,72,0,14,80,59.41666667,16.66666667,88.08333333,22.5,60.08333333,58.08333333,0,8.916666667,68.91666667,60.5,17,88,22,59.5,57,0,11.5,68
42,2022,102162,87420,61764,52804,130776,3713670,12972008,0.286283357,46,16,100,25,70,55,5,23,89,41,13.41666667,89.75,21.25,57.41666667,47.58333333,3.666666667,18.83333333,74.5,41,13,90,21,59,47.5,3.5,18,73
44,2022,11116,9387,3914,4091,13464,240597,1093734,0.219977618,49,17,99,22,70,73,0,28,86,43.41666667,13.25,84.91666667,19.41666667,56,54.25,0,2.333333333,54.16666667,43,13,85,19.5,56,52,0,0,53
45,2022,27210,28344,15887,12563,31362,688023,5282634,0.130242413,44,15,84,22,69,58,0,19,93,37.33333333,12.75,76.83333333,18.41666667,55.91666667,46.58333333,0,14.08333333,77.33333333,38.5,12.5,77.5,18,53.5,46.5,0,15,77
46,2022,4603,4709,1720,1226,5271,131813,909824,0.144877471,51,18,89,26,74,59,0,0,67,45.5,13.5,82.08333333,19.41666667,59.08333333,28.91666667,0,0,18.41666667,47,13,82.5,20,58.5,39,0,0,0
47,2022,7427,6263,876,9002,17484,558866,7051339,0.07925672,44,13,78,23,64,71,0,20,83,39.75,12.08333333,72.33333333,19.66666667,53.41666667,57.58333333,0,13.41666667,75.58333333,41,12,72,19,52.5,56.5,0,12,76.5
48,2022,102546,68057,43826,74053,113312,3083964,30029572,0.102697568,53,17,98,24,91,73,4,20,87,49.25,15.5,90.25,21.08333333,69.75,60.91666667,2.583333333,16.83333333,73.75,50,16,91.5,21,67,61.5,2,17,75
49,2022,24155,12022,5861,5108,19213,417426,3380800,0.123469593,66,17,97,25,84,46,0,12,93,59.16666667,14.66666667,90.25,21.75,68.16666667,36.25,0,7.583333333,77,60.5,14.5,90,21.5,68,35,0,9,78.5
50,2022,5963,10107,2837,1286,5252,191157,647064,0.295422091,59,20,95,28,70,38,0,0,47,49.83333333,15.33333333,83.08333333,22.25,55.58333333,6.083333333,0,0,20.16666667,49.5,15.5,83,23,56.5,0,0,0,17
51,2022,39855,32730,21490,23321,45642,864006,8683619,0.099498377,51,18,97,27,84,64,4,19,88,47.91666667,15.58333333,86.5,23,62.5,46.75,1.75,15.25,77,47.5,15.5,89,22.5,59.5,46.5,1.5,16,78
53,2022,82065,49341,26630,16302,61850,2329624,7785786,0.299215005,66,19,100,28,75,63,5,17,93,60.58333333,16.75,84.91666667,24.08333333,63.83333333,53,0.416666667,12.75,70.91666667,61.5,16.5,83.5,23,64.5,52,0,13,69.5
55,2022,13552,7036,3838,5467,12185,487133,5892539,0.082669457,54,17,97,25,78,76,0,18,92,46.33333333,13.75,85.58333333,20.91666667,62,63.66666667,0,13.41666667,79.66666667,45.5,14,84.5,21,60.5,65.5,0,13.5,79
56,2022,4811,3565,1231,1447,5084,98520,581381,0.169458582,54,18,82,26,70,77,0,0,74,42.75,13.75,73,19.75,55.41666667,30,0,0,6.166666667,43,14,75,19,55,0,0,0,0
1,2021,19356,13867,16003,12152,31668,662923,5049846,0.131275884,40,15,91,22,66,43,6,16,100,33.25,13.33333333,85.75,18.5,60.66666667,32.41666667,1,12,82.5,32.5,13,86,19,62,32,0,11.5,82
2,2021,1541,3060,487,434,2424,67298,734182,0.09166392,52,22,99,33,71,0,0,0,78,44.91666667,16.75,88.25,22.33333333,61.25,0,0,0,6.5,45.5,17,89.5,22,61.5,0,0,0,0
4,2021,112353,86053,37519,34750,91111,2837204,7264877,0.390537101,47,16,96,23,77,55,0,22,100,40.16666667,15.08333333,90.75,20.91666667,65.41666667,42.75,0,16.83333333,81.91666667,39.5,15,89.5,21,66,41,0,17,84
5,2021,9357,12674,3171,6696,18791,533686,3028122,0.176243229,45,19,91,26,71,63,15,17,100,37.33333333,17.08333333,86.41666667,20.75,60.66666667,50.91666667,1.25,6.666666667,77.83333333,35.5,17.5,89,20,60,52.5,0,0,74.5
6,2021,104946,108134,40217,48512,165399,4595920,39142991,0.117413613,43,16,100,21,71,56,6,19,100,37,13.83333333,91.83333333,18,61.08333333,49.75,3.75,15.58333333,83.66666667,37,14,92,18,61,50.5,3.5,16,84.5
8,2021,31382,45158,10932,17107,43965,998793,5811297,0.171870927,47,16,100,23,70,56,0,18,100,39.83333333,15.08333333,85.75,20.25,58.58333333,46.08333333,0,14.58333333,86.41666667,39,15,84,21,59,45,0,14.5,87.5
9,2021,10240,9639,2140,7047,14445,614004,3623355,0.169457312,41,16,98,23,67,55,9,28,100,34.25,13.75,90.08333333,19.66666667,57.33333333,46.5,0.75,20.83333333,82.16666667,34,14,90.5,20,59,45.5,0,19,82
10,2021,1630,1825,994,2245,3702,106849,1004807,0.106337834,38,17,92,23,69,45,0,34,100,32.83333333,14.16666667,86.66666667,19.16666667,58.83333333,28,0,7,82.83333333,31.5,14,87.5,18.5,59,27.5,0,0,84
11,2021,1792,4466,2273,6296,15661,489957,668791,0.732601067,49,18,94,23,77,66,0,0,100,42.08333333,15.08333333,88.66666667,18.83333333,60.08333333,19.16666667,0,0,78.16666667,44,15,87.5,18,61,0,0,0,78
13,2021,31509,24163,10587,24634,41428,910473,10788029,0.084396603,40,15,97,23,74,44,4,21,100,35.25,13.91666667,86.5,19.41666667,59.25,41.41666667,2,18.08333333,90,35.5,14,86,19,58.5,42,2.5,18,90
15,2021,593,3201,493,1158,2037,65921,1447154,0.045552167,47,20,100,25,67,45,0,0,100,37.58333333,16.25,87.33333333,17.75,59.25,20.25,0,0,65.5,37.5,17,86.5,17.5,59,18.5,0,0,71
16,2021,904,547,616,923,1622,95148,1904314,0.049964449,52,18,98,23,78,89,0,0,100,42.41666667,14.75,85.75,20.5,62.66666667,56.08333333,0,0,81.66666667,42,15,85,21,64,58,0,0,82.5
17,2021,6325,5854,2153,5054,8375,207814,12686469,0.01638076,41,14,93,23,62,55,6,21,100,35.75,13.08333333,88.08333333,19,53.33333333,50.91666667,3,17.91666667,88.75,35.5,13,89,18.5,54.5,52.5,3.5,17.5,89.5
18,2021,55226,32663,26060,14527,54816,993746,6813532,0.145848878,44,16,91,21,69,47,0,19,100,37.91666667,12.75,85.83333333,19.41666667,59.25,40.5,0,13.66666667,87.16666667,38,12.5,86,19,59.5,40.5,0,13.5,87
19,2021,100821,44537,40064,18288,78806,2112091,3197689,0.660505446,46,14,91,22,65,57,0,19,100,38.16666667,12.58333333,84.66666667,19.25,56.75,40.41666667,0,9,80.16666667,37,13,85.5,19,59.5,39,0,13.5,79
20,2021,18271,15341,6420,5510,22416,431235,2937922,0.146782318,49,16,97,24,74,67,0,19,100,41.41666667,14,90.58333333,19.33333333,61.5,44.41666667,0,7,80.5,40,14,91,19.5,61,43,0,0,79
21,2021,38004,34491,17628,12206,42939,1020920,4506589,0.226539407,43,15,93,23,65,57,10,22,100,36.25,13.33333333,86.83333333,20.16666667,58,42,1.583333333,11.66666667,78.75,36,13,87,20,58.5,40.5,0,13,77
22,2021,5265,2368,2094,3418,7665,288672,4627098,0.062387267,36,15,87,22,82,75,0,24,100,31.16666667,13.25,80.91666667,19.58333333,61.75,65.91666667,0,16.33333333,87.83333333,32,13,80.5,19.5,62,64.5,0,19,90.5
25,2021,2703,2004,846,2519,3027,169158,6989690,0.024201073,42,14,89,23,63,70,9,23,100,36.58333333,13.08333333,81.5,19.83333333,55.75,60.83333333,5,18.58333333,84.66666667,36,13,81.5,19,57,60,6.5,18.5,88.5
26,2021,59203,54737,35212,41958,84792,2016716,10037504,0.200918077,43,13,90,21,61,56,5,22,100,35.5,11.75,80,18.58333333,53.75,44.41666667,2.166666667,18.16666667,87.66666667,34,12,81,18.5,54,44.5,2,18,89
27,2021,151391,105488,48481,24054,123699,2161337,5711471,0.378420375,44,17,96,21,67,68,0,30,99,38.66666667,14.58333333,86.75,18.33333333,57.75,59.25,0,17.91666667,81.91666667,38.5,14,87,18,58,59.5,0,18,86
28,2021,18255,14302,19287,10720,28086,668529,2949586,0.226651808,40,17,94,21,79,54,0,22,99,32.41666667,13.75,84.5,19.5,63.75,42.5,0,13.83333333,75.41666667,32.5,13,84.5,20,64,43,0,17.5,72
29,2021,28616,16459,10435,14626,37806,576649,6169823,0.093462811,48,16,95,22,71,54,9,23,100,38.83333333,13.75,88.33333333,20.25,60.33333333,43,1.416666667,17.25,81.08333333,38,14,88.5,20.5,61.5,43.5,0,17,84
30,2021,31378,15056,8207,6011,23371,498785,1106227,0.45088847,52,20,92,25,74,62,0,0,81,39.66666667,16.16666667,85.25,22.08333333,60.08333333,22.33333333,0,0,47.41666667,39,16,85.5,23,64,0,0,0,56
31,2021,4976,3989,1204,3498,6862,172081,1963554,0.087637518,47,15,93,25,74,60,0,31,100,40.75,13.33333333,87.41666667,21,60.91666667,42.41666667,0,9.166666667,72.25,41,13.5,87.5,20.5,61.5,43,0,0,72
32,2021,1882,1704,592,1108,2380,109585,3146402,0.034828671,44,18,99,26,74,61,0,24,100,37.75,15.5,91.91666667,21.75,61.5,52.75,0,12.33333333,75,38,16,92,21.5,61.5,52.5,0,15,77.5
34,2021,35662,63423,24917,30582,81097,2919343,9267961,0.314993017,38,13,95,22,64,33,7,29,100,33.5,12.08333333,83.41666667,19.33333333,57,29.66666667,4.5,25.16666667,88.83333333,34,12,84,19,57.5,30.5,4.5,25.5,89.5
35,2021,49994,47046,13226,12703,41449,1384976,2116677,0.654316176,41,20,95,27,77,64,0,19,100,35.41666667,17.83333333,91,21.08333333,63.25,44.66666667,0,1.583333333,73.41666667,35.5,18,91.5,21,64,41.5,0,0,72.5
36,2021,6683,11292,3120,5602,9639,329043,19857492,0.016570219,35,14,90,24,65,45,5,25,100,29.41666667,12.33333333,84.08333333,18.66666667,56.16666667,41.25,3.916666667,22.33333333,86.83333333,29.5,12.5,84,18,57,41,4,22,87.5
37,2021,21354,22933,4872,18096,37561,702780,10565885,0.066514069,44,15,91,22,67,44,5,18,100,37.66666667,14.16666667,84.25,19.75,57.91666667,39.75,0.666666667,14.83333333,87.83333333,36,14,85,20,56,39.5,0,15.5,88.5
38,2021,3707,2468,1185,1131,3313,74649,777934,0.095958012,48,19,99,21,68,56,0,0,100,37.91666667,14.25,85.58333333,16.58333333,58.58333333,8.25,0,0,33.33333333,37,14,86.5,16,62.5,0,0,0,42.5
40,2021,18266,24716,4456,10093,37911,761474,3991225,0.190787039,45,17,97,25,75,79,12,34,100,39.25,15.25,88.58333333,21.83333333,63.83333333,66.75,1,15.33333333,78.5,38.5,15,87.5,22,64.5,66,0,17,77.5
41,2021,52023,59414,13221,11169,41836,1104011,4256301,0.259382736,51,16,90,23,60,73,0,19,100,45.33333333,15,84.41666667,20.5,54.16666667,55.33333333,0,10.66666667,74.33333333,45.5,15,85,20,56,54.5,0,13,75
42,2021,89291,92316,63418,53028,134097,3956077,13012059,0.304031591,39,13,95,21,55,45,6,25,100,32.91666667,12.16666667,89.16666667,18.75,51,40.75,3.333333333,21.5,89.41666667,33,12,89.5,18.5,52,41.5,3.5,22,93
44,2021,10268,8457,3727,4020,13004,225775,1096985,0.205814118,41,15,94,24,62,73,0,33,100,34.91666667,13,86.58333333,19.33333333,53.33333333,51.08333333,0,5.25,62.75,35,13.5,87,19,53,49.5,0,0,66
45,2021,24874,26079,15372,12348,30618,676584,5193266,0.130281022,35,14,82,19,59,57,0,24,100,28.5,12.08333333,76.08333333,17,52.75,43,0,15.41666667,90.33333333,28,12,76,17,53.5,43.5,0,15.5,90
46,2021,3394,3603,1369,1065,4523,108676,896164,0.121267982,45,15,91,21,65,83,0,0,75,36.83333333,12.58333333,82,18,56.91666667,16.16666667,0,0,29.75,36,13,82.5,17.5,60,0,0,0,25.5
47,2021,14601,13202,4046,12685,27375,701511,6968351,0.10067102,35,12,82,20,68,54,0,22,100,30.58333333,11.41666667,73.33333333,16.91666667,54.25,48.5,0,18.16666667,84.66666667,29.5,11.5,73.5,17,52.5,49,0,18.5,84
48,2021,91394,62688,41472,76277,116457,2955594,29558864,0.099990108,45,16,95,23,76,60,4,22,100,38.33333333,14.5,89.91666667,19.16666667,65.08333333,54.91666667,2.75,18.66666667,86.41666667,37.5,14,89.5,19,64.5,55,3,18.5,84.5
49,2021,22613,11159,5225,4868,18225,399830,3339113,0.11974138,54,16,95,24,73,43,0,18,100,44.41666667,14.25,89,20.33333333,63.75,32.41666667,0,9.5,91.75,43,14.5,89.5,20,64.5,32,0,11,95.5
50,2021,5559,9402,2737,1362,5196,192745,646972,0.297918612,46,17,100,26,66,48,0,0,100,38.33333333,14.41666667,85.91666667,19.5,54,4,0,0,61.16666667,38.5,16,85,19.5,53,0,0,0,64
51,2021,38925,31586,21191,24378,46699,881464,8657365,0.101816661,47,17,92,22,71,56,6,22,100,40,14.91666667,83.58333333,20.41666667,59.41666667,43.91666667,2.75,17.16666667,89.5,40,15,84,20.5,58.5,42.5,4,17,90.5
53,2021,64073,40919,20635,15153,56742,1936591,7740745,0.250181475,57,17,91,25,71,63,6,21,100,48.16666667,15.91666667,85.25,21.25,59.66666667,53,0.5,16.66666667,84.66666667,48,16,85,21.5,59.5,53.5,0,16,86
55,2021,13145,7286,3826,5734,12345,481792,5880101,0.081936008,44,16,95,22,67,68,9,22,100,35.75,13.58333333,87.91666667,19,57.25,54.66666667,1.5,15.25,81.66666667,35.5,13,88.5,19,58,53,0,14.5,80
56,2021,4421,3476,1158,1571,5176,99613,579483,0.17189978,42,20,79,32,65,0,0,0,79,34.08333333,12.83333333,72.25,18.75,53.83333333,0,0,0,12.83333333,35,14.5,71,18.5,53,0,0,0,0
1,2020,16620,13115,15797,12055,31107,681171,4921532,0.138406293,29,15,83,21,76,33,0,15,65,23.58333333,13.25,78.08333333,19.58333333,65.83333333,30.5,0,8.5,49.5,23.5,13,78,19.5,65.5,30.5,0,9.5,50.5
2,2020,1522,3324,512,526,2612,72197,731158,0.098743363,37,21,94,28,85,100,0,0,0,28.83333333,15.91666667,82.83333333,20.83333333,71.75,12.83333333,0,0,0,28.5,16,84.5,21,68.5,0,0,0,0
4,2020,75605,69167,32715,30140,71674,2685254,7421401,0.361825752,35,17,91,24,90,43,5,22,71,27.75,14.58333333,82.91666667,21,68.5,37.91666667,0.416666667,16.08333333,53.58333333,27,15,83,21,67,39,0,15.5,54.5
5,2020,9586,12098,2795,6851,19271,541019,3030522,0.17852337,31,21,87,23,87,53,0,20,75,25.33333333,17.08333333,80.5,21.08333333,70.75,39.16666667,0,5.083333333,54.16666667,25,17,80.5,21,67.5,38.5,0,0,58
6,2020,106258,111713,43205,54443,186694,4770732,39368078,0.121182751,31,14,94,26,83,54,3,16,65,25.91666667,13.41666667,87.91666667,19.33333333,71.08333333,46.25,1.416666667,11.83333333,52.58333333,26,13,88,18.5,67.5,46.5,1.5,11.5,56
8,2020,26733,40977,9652,14834,39418,895784,5807719,0.154240245,30,17,88,25,79,51,0,13,71,25.5,14.58333333,80.66666667,20.58333333,67.08333333,42.08333333,0,9.416666667,55.08333333,26.5,14.5,81,20.5,63.5,41.5,0,9,59
9,2020,10149,9691,2129,7357,14399,606486,3557006,0.170504632,30,20,93,26,93,52,25,20,71,25.5,14.91666667,87.91666667,20.41666667,68.16666667,40.83333333,14,13.91666667,54,24.5,14.5,88,20,64,39.5,14,13.5,58.5
10,2020,1357,1399,644,2006,3386,84674,986809,0.085805865,30,20,93,27,90,36,0,24,89,25.33333333,15.16666667,85.16666667,21.33333333,68.16666667,14.41666667,0,2,58.66666667,25.5,16,85.5,21.5,65,11.5,0,0,61.5
11,2020,1525,3871,2158,5838,13700,357423,712816,0.50142393,34,22,84,29,84,47,0,0,72,27.58333333,16.16666667,80,21,66.58333333,12.91666667,0,0,39.75,30,15.5,80.5,20.5,65.5,0,0,0,44.5
12,2020,21146,44033,13996,32586,76893,1953192,21733312,0.089870886,28,16,93,24,79,35,4,25,72,23.41666667,14.16666667,82.08333333,19.83333333,67.41666667,30.5,2.583333333,18.75,56.16666667,23,14,81,20,66.5,30.5,2.5,19.5,59
13,2020,31925,25595,12134,25988,45551,981993,10710017,0.09168921,30,17,93,25,83,42,4,21,68,25.16666667,14.58333333,83.25,20.25,65.75,35.25,1.5,14.08333333,53.91666667,25,14,82.5,20,62,35,2,14,58
15,2020,496,1124,515,785,1354,69332,1407006,0.049276265,33,21,96,25,90,67,0,33,60,27.58333333,18.16666667,85.41666667,19.5,74.5,21.33333333,0,2.75,44,27,18,84.5,19,74.5,15,0,0,50
16,2020,1242,797,693,1438,2389,110559,1826913,0.060516839,39,20,89,25,90,73,0,0,97,29,14.25,82.08333333,22,71.5,47.58333333,0,0,52.41666667,28,14,82,22,68,44,0,0,53.5
17,2020,8087,8304,4199,6109,11333,276500,12587530,0.021966184,30,20,90,25,84,55,5,20,76,25.58333333,14.25,86.16666667,20.16666667,65.75,45.41666667,2.333333333,13.41666667,60.25,25.5,13.5,87,19.5,64.5,45,3,13,65
18,2020,50744,31335,27236,13983,51609,968708,6754953,0.143407067,32,17,84,23,80,46,8,18,72,25.58333333,13.08333333,79.41666667,19,66.58333333,38.33333333,0.666666667,12.16666667,56.66666667,26.5,13,80,19,64.5,37.5,0,12,59.5
19,2020,22781,4716,7142,6503,20862,1618874,3163561,0.511725236,33,17,91,22,89,43,0,16,68,26.16666667,13.33333333,82.75,19,66.75,33.66666667,0,7.583333333,52.33333333,26,13,81.5,18,66.5,32,0,11.5,57.5
20,2020,33226,30710,15678,15837,47536,1023063,2913805,0.351108945,38,17,91,24,89,49,0,19,57,28.08333333,14.66666667,84.75,20.83333333,71.16666667,38.41666667,0,7.5,44.41666667,27.5,15,85.5,20.5,70.5,39,0,6,44.5
21,2020,37285,35462,19407,12060,43161,1089641,4477251,0.243372775,30,14,96,23,79,55,0,17,67,24,12.83333333,81.75,19.16666667,64.66666667,38.33333333,0,10.5,50.83333333,24,13,82,18.5,63.5,37,0,10.5,52.5
22,2020,3905,1910,1877,3229,6657,251191,4645318,0.054074016,28,16,84,23,77,73,0,18,69,22.83333333,13.58333333,78.66666667,19.75,66.08333333,58.25,0,10.5,56,23.5,13.5,78,19.5,64,57,0,13.5,60.5
25,2020,1411,1136,480,1498,1643,171287,6893574,0.024847343,33,17,84,26,70,67,19,19,74,26.41666667,12.91666667,78.66666667,20,59.91666667,55.5,9.25,13.83333333,57.08333333,26.5,13,80.5,19.5,61.5,55.5,9,14.5,65.5
26,2020,45728,40538,28337,32610,61288,1567495,9966555,0.157275508,30,16,86,22,73,43,5,20,73,24,11.66666667,80.58333333,18.91666667,59.75,38,2,14,56.91666667,25,11,81.5,18.5,56.5,37.5,1.5,15,60.5
27,2020,147723,107509,48537,24956,126047,2199028,5657342,0.388703388,33,18,95,23,81,59,0,21,62,27.5,14.91666667,83.41666667,19,66.91666667,52.33333333,0,12.75,47,27.5,15,83.5,19,64.5,51.5,0,12,51
28,2020,17733,14276,20986,12175,29877,710499,2966786,0.239484412,33,18,90,22,82,56,0,17,63,25.5,14.33333333,80.33333333,20,70.41666667,34.16666667,0,6.166666667,42.83333333,25.5,14,80.5,20,69,32.5,0,0,45.5
29,2020,10941,6641,7338,13217,25149,574619,6151548,0.093410472,31,17,93,22,80,46,0,24,66,25.75,14.16666667,83.16666667,20.08333333,68.66666667,41.25,0,13.16666667,53.25,25.5,14,83,20,66.5,42,0,14,56.5
30,2020,29744,14165,7246,6425,23202,517830,1080577,0.479216197,32,21,94,23,87,50,0,0,48,24.75,15.41666667,81.5,20.08333333,69,34.5,0,0,14.33333333,24.5,15,78.5,20.5,65,38.5,0,0,0
31,2020,4713,4264,1196,3825,7119,204996,1937552,0.105801548,37,19,96,27,91,61,0,0,75,27.66666667,14.16666667,88.91666667,21.41666667,71.58333333,39.16666667,0,0,40.16666667,26.5,13.5,88.5,20,69,38.5,0,0,32.5
32,2020,2236,1929,666,1123,2395,113509,3138259,0.036169418,31,19,98,27,95,64,0,18,59,26.5,16.5,91.75,22.75,72.83333333,53.75,0,7.916666667,42.83333333,26.5,16.5,92.5,22.5,72.5,53,0,11.5,43
34,2020,35092,61391,25557,31667,79780,2900910,8882371,0.326591853,31,16,93,26,85,37,7,27,77,25.91666667,13.16666667,87.75,20.75,66.58333333,28.08333333,4.333333333,19.66666667,56.91666667,26,12.5,87.5,20,61.5,27.5,5,20,63
35,2020,41569,43586,13112,9919,35570,1245977,2106319,0.591542402,30,24,92,28,89,49,0,0,53,24.08333333,18.08333333,85.75,21.66666667,72.33333333,37.5,0,0,41.08333333,23.5,18.5,85.5,21,71,37,0,0,44.5
36,2020,7611,14034,3780,6354,11286,388980,19336776,0.020116073,27,16,92,24,95,43,6,25,76,22.58333333,13.58333333,86.08333333,20.25,67.91666667,40.16666667,3.75,18.16666667,56.25,22.5,13.5,84.5,20,63.5,41,3.5,19,59.5
37,2020,22488,24647,5430,19466,41645,757388,10600823,0.071446151,31,18,95,23,92,47,4,17,78,25.91666667,14.58333333,83.08333333,20.58333333,66.58333333,35.16666667,1.166666667,12,58.66666667,26,14,83.5,20,64.5,35,0,12,61
38,2020,3877,2549,1310,1076,3618,98372,765309,0.12853893,34,16,90,22,92,64,0,44,59,24.66666667,12.75,81.75,18.33333333,65.83333333,5.333333333,0,3.666666667,19.08333333,23,13,81,19,67,0,0,0,0
39,2020,110581,107559,56773,54710,125998,3602656,11693217,0.308097934,31,16,92,22,83,51,8,26,73,24.83333333,13.5,84.41666667,19.5,64.58333333,44.66666667,2.166666667,16.75,60.25,25,13.5,84,19,61.5,45,0,17.5,67
40,2020,16712,20900,4453,10592,37553,760685,3980783,0.191089291,35,20,94,25,84,70,0,25,70,26.66666667,15.91666667,87.41666667,22.25,71.16666667,57.08333333,0,12.25,49.75,27.5,15.5,87.5,21.5,70,56.5,0,15,49
41,2020,57603,54544,16165,12511,45303,1010110,4241507,0.238148847,37,18,88,25,77,63,10,18,63,30,15,80.91666667,20.83333333,63.66666667,49,0.833333333,6.75,46,31,15,81,21,61,49,0,8,47
42,2020,99063,96103,71516,57481,145620,4179192,12783254,0.326927088,30,17,92,23,74,44,5,21,79,23.5,13.16666667,85.83333333,19.5,62.66666667,36.33333333,3.166666667,16.16666667,58.91666667,23.5,13,86,19,63.5,35.5,3.5,17.5,63.5
44,2020,10658,5577,3728,4178,13272,228727,1057125,0.216367033,34,17,86,22,76,59,43,0,56,26.41666667,14.16666667,79.16666667,19.25,61,40.58333333,8.916666667,0,40.58333333,26,14,79.5,20,58.5,41,0,0,42.5
45,2020,22883,25249,16758,12156,29935,697411,5218040,0.133653824,24,14,77,19,86,49,7,17,80,20.66666667,12.58333333,70.58333333,17.25,60.75,38.83333333,0.583333333,12.66666667,58.25,21,13,70.5,17,59,38,0,13,59.5
46,2020,1695,4120,1126,1350,3619,110527,892717,0.123809673,35,19,88,24,88,80,0,0,53,26,12.5,76.75,18.41666667,68.5,10.66666667,0,0,22.58333333,25.5,12.5,76.5,19,70.5,0,0,0,19
47,2020,16465,13858,3957,12495,27002,681050,6886834,0.098891595,27,13,75,21,63,56,5,18,81,20.75,11.66666667,67.33333333,17.66666667,57.41666667,45.16666667,0.416666667,12.25,61.25,21.5,12,68,17.5,57,47,0,12,61
48,2020,80958,59398,42611,73798,108376,2882221,29360759,0.098165752,32,17,93,23,100,55,3,20,70,26.33333333,14.58333333,86.41666667,19.33333333,75.16666667,46.75,1.833333333,15,54.83333333,26.5,14.5,87,19,72,46,2,15.5,56
49,2020,21525,10866,5149,4655,16790,399564,3249879,0.122947347,34,16,94,22,88,39,0,15,79,27,14.16666667,85.75,19.66666667,71.08333333,25.91666667,0,5.833333333,55.58333333,26.5,14,86,20,68.5,24.5,0,7.5,56
50,2020,4894,9848,2595,1336,5154,192021,623347,0.308048326,30,23,91,24,81,33,0,42,65,24.58333333,15.25,80.25,18.25,62.08333333,2.75,0,3.5,27.5,25,14.5,79,18,59.5,0,0,0,35
51,2020,35938,31908,22317,24774,46993,896020,8590563,0.104302826,33,18,92,25,85,44,6,20,77,27.75,15.16666667,80.41666667,21.08333333,65.75,37.25,2.416666667,15.41666667,61.5,28,15,78,20.5,64,37,3,15.5,64.5
53,2020,50877,37648,17426,14041,48710,1569998,7693612,0.204065139,40,20,90,25,79,66,0,19,65,32.16666667,15.66666667,81.08333333,22,68.91666667,50.75,0,12.75,54.08333333,31.5,15,79.5,22,67,50,0,13.5,58.5
55,2020,14658,7856,3910,5983,12820,523866,5832655,0.089816044,31,16,88,22,84,64,0,18,69,25.08333333,13.58333333,81.83333333,19.41666667,67.91666667,48.5,0,9.666666667,53.58333333,24.5,13.5,83,19.5,64.5,47.5,0,10,60
56,2020,4636,3860,1321,1671,5861,113204,582328,0.194399033,29,18,79,21,82,0,0,60,81,22.16666667,14,70.66666667,17.5,61.91666667,0,0,5,6.75,22.5,13.5,73,16.5,58,0,0,0,0
1,2019,14904,11235,13214,10824,43136,720721,4907965,0.146847217,28,15,87,23,85,37,0,14,55,24.16666667,13.33333333,79.41666667,20.41666667,71.16666667,32.41666667,0,8.916666667,42.33333333,24.5,13,79,20,72,32.5,0,9.5,44.5
2,2019,1576,3261,622,625,2693,77390,733603,0.105493026,37,22,86,23,98,62,0,0,0,27.08333333,16.66666667,79.91666667,19.08333333,76.75,5.166666667,0,0,0,26,16,83,18.5,77,0,0,0,0
5,2019,9168,11733,1593,6619,19300,529544,3020985,0.175288523,32,19,87,28,98,56,0,23,63,25.08333333,16.41666667,79.91666667,23,76.83333333,44.33333333,0,6.083333333,47.33333333,25,16.5,80.5,23,75,44,0,0,48
6,2019,115265,119768,48786,62442,201222,5207508,39437610,0.132044209,28,16,88,21,93,49,3,18,60,22.91666667,13.41666667,85,18.5,73.33333333,44.41666667,2.333333333,14.41666667,52.75,23,13,86,18.5,71.5,44.5,2,14,55
8,2019,26924,42211,9977,15837,41848,960953,5758486,0.166875981,27,19,85,23,83,46,8,19,63,22,16.16666667,79.5,19.5,70.25,41,1.25,13,50.5,21.5,16,80,19,72.5,42,0,12.5,51.5
9,2019,11014,10152,2364,8305,15973,657352,3566022,0.184337618,31,18,93,24,93,50,23,26,73,26,15.91666667,87.08333333,20.91666667,72.08333333,38.83333333,17.33333333,20.75,56.83333333,26,16,86.5,21,74,39,17,20,57
10,2019,1157,1413,730,1907,2967,95282,976668,0.097558229,29,18,89,26,91,41,0,40,78,24.41666667,14.83333333,82.33333333,21.83333333,73.08333333,16.58333333,0,13.16666667,50.5,25,15,81.5,22.5,74,14,0,0,58.5
11,2019,1652,3761,2390,6373,13382,316075,708253,0.446274142,31,20,79,21,74,39,0,0,41,25.25,17.16666667,70.83333333,18.33333333,63.25,20.75,0,0,21.83333333,25.5,17.5,72.5,18,63,26.5,0,0,29.5
12,2019,14323,28784,10481,23368,52772,1406202,21492056,0.065428919,28,16,83,23,75,36,4,24,59,22.91666667,13.91666667,78.91666667,20.33333333,67.41666667,30.66666667,3.25,20.08333333,52.16666667,22.5,13.5,78.5,21,68,30.5,3,20,54.5
15,2019,555,2538,461,1162,2133,68660,1415615,0.048501888,33,20,86,22,86,53,0,0,59,25.83333333,16.33333333,77.83333333,18.91666667,74.08333333,21.66666667,0,0,33.91666667,25,16.5,76,19,76,18,0,0,45.5
16,2019,1396,866,656,1581,2572,118209,1789060,0.066073245,32,18,89,26,92,68,0,0,57,24.91666667,15.41666667,80.75,22,76.16666667,52.08333333,0,0,41.41666667,24,15.5,80.5,22,77,48.5,0,0,40.5
17,2019,8751,8884,4783,7438,13340,319688,12667017,0.025237828,31,17,93,23,92,54,5,18,69,24.58333333,14.25,84.08333333,20.08333333,70.5,46.75,2.75,15.25,54.33333333,24.5,14,83,20,73,46,3,15.5,53.5
18,2019,46771,29310,27830,14279,50188,968225,6731010,0.143845426,28,16,89,24,88,45,0,17,59,24.66666667,13.41666667,81.16666667,20,72.66666667,37.83333333,0,12.5,47.83333333,25.5,13,80,19.5,73,38,0,13,47.5
19,2019,88716,45956,41416,18508,78292,1812783,3159596,0.573738858,32,17,93,25,98,46,0,14,50,25.33333333,13.91666667,83.58333333,20.75,77.83333333,36.33333333,0,3.25,38.41666667,24.5,14,82.5,20.5,81.5,35.5,0,0,40
21,2019,38904,36048,20599,13113,46032,1157808,4472345,0.258881638,27,14,90,23,88,41,15,19,58,23.5,12.91666667,83.16666667,20.75,69.41666667,35.5,1.25,12.58333333,45.25,23,13,83.5,20.5,69.5,36,0,12,44
22,2019,2924,1603,2118,3406,7626,253843,4658285,0.054492802,28,15,83,23,82,73,0,22,56,24.08333333,13.33333333,76.41666667,20.75,67.5,64,0,10.75,47.75,24.5,13,76,20.5,68,65,0,11.5,50
25,2019,1921,1467,728,1755,2191,181725,6894883,0.026356502,31,17,87,23,76,65,23,23,64,25.33333333,13.91666667,77.33333333,21.08333333,65.75,58.25,16.66666667,18.75,57.08333333,25,14,76.5,21.5,66.5,57,17,19,57.5
26,2019,50728,43441,30755,36492,71115,1707682,9984795,0.171028248,31,14,82,24,80,57,6,25,69,22.75,12.25,76.16666667,20.41666667,65.75,41.25,3.25,17.66666667,56,22,12,77,20.5,67,40.5,4,18,55
27,2019,134806,99359,47031,22368,113178,1987398,5640053,0.352372221,34,17,100,24,90,66,0,19,58,25.58333333,15.25,85.08333333,19.75,73.66666667,55.5,0,14.41666667,48.5,26,16,85.5,19.5,76,56,0,15,49
28,2019,14297,11476,17703,10522,25558,610563,2978227,0.205008886,34,16,88,26,86,56,22,23,54,27.5,13.75,81.91666667,21.16666667,72.58333333,42.66666667,1.833333333,10.33333333,39.08333333,28.5,14,83,21.5,72.5,44.5,0,16,37
29,2019,12551,7085,8516,15628,27659,565068,6140475,0.0920235,30,17,100,25,95,46,7,18,58,24.41666667,14.83333333,86.41666667,21.41666667,76.41666667,42.16666667,0.583333333,13.25,47.91666667,23,15,85,21,76.5,42.5,0,14,49.5
30,2019,27331,14434,7377,6699,23278,497908,1070123,0.465281094,32,21,87,26,94,41,0,0,0,22.33333333,16,81.08333333,21.16666667,75.83333333,6.833333333,0,0,0,21,15.5,81.5,22,73.5,0,0,0,0
31,2019,4588,4061,1275,3766,7126,182038,1932571,0.094194728,35,18,92,27,97,52,0,0,56,25.66666667,14.66666667,87.08333333,22.83333333,78.66666667,35.16666667,0,0,37.75,24,15,87.5,22.5,82,37,0,0,40
32,2019,2200,2027,628,994,2053,129843,3090771,0.042009906,29,20,92,25,91,59,0,16,52,23.41666667,16.41666667,86.16666667,21.16666667,73,46.5,0,2.583333333,38.75,23,17,87,21,72.5,46.5,0,0,39.5
34,2019,35494,61652,25887,32537,80766,2979602,8891258,0.335115908,30,16,91,24,85,34,7,27,69,25.25,12.83333333,82.5,21.25,70.33333333,29,5.166666667,23.5,58.16666667,25.5,12.5,81.5,21.5,71,28,5,23,59.5
35,2019,43900,48103,13670,12513,40548,1408855,2099634,0.671000279,26,24,96,25,89,53,0,21,56,21.58333333,20.41666667,83.83333333,21.91666667,74.16666667,40.33333333,0,3.416666667,40.58333333,21,20,83.5,21.5,72.5,40.5,0,0,42.5
36,2019,7539,13281,3838,6726,11749,399495,19463131,0.020525731,25,15,88,23,88,45,6,26,66,22.66666667,13.08333333,83.08333333,20.41666667,69.33333333,40.66666667,4.416666667,21.83333333,56.66666667,23.5,13,83,21,69.5,41.5,5,22,58.5
37,2019,22637,24198,6136,20052,41688,744005,10501384,0.070848281,32,17,90,25,93,38,5,14,66,26,14.66666667,80,21.41666667,70.91666667,34.75,2.25,12.16666667,53.16666667,26,14.5,80,20.5,69.5,35,3,12,55
38,2019,3545,1918,1324,1041,3421,103731,763724,0.135822627,28,19,89,24,81,62,0,0,39,22.75,12.91666667,79.91666667,17.25,67.5,12.66666667,0,0,3.25,22.5,12.5,78,17,69,0,0,0,0
39,2019,135478,142480,76030,68638,167913,4048334,11696507,0.346114785,30,16,97,23,95,54,8,21,68,24.16666667,13.75,86.25,19.91666667,69,45.33333333,3.833333333,17.58333333,54.08333333,24,13.5,86,19.5,67.5,46,5,18.5,55
40,2019,15670,19499,4399,10898,36138,743348,3960676,0.187682103,31,18,91,27,84,79,12,19,57,24.75,16.25,85.41666667,22.41666667,74,62.91666667,1,10.83333333,40.25,24,16.5,85.5,22.5,74.5,64.5,0,13,38
41,2019,55026,58648,7693,13083,46385,992658,4216116,0.235443712,32,19,91,24,79,59,0,18,57,26.91666667,16.33333333,83.75,21.08333333,66.75,51.25,0,7.666666667,44.66666667,27,16.5,83,22,68.5,50.5,0,10,42.5
42,2019,94755,94898,73477,56780,144238,4062936,12798883,0.317444577,26,16,95,22,82,41,7,23,68,23,14,86.91666667,20,66.91666667,37,4.416666667,19.83333333,58.75,23,14,86,20,68.5,37,4.5,20,58
44,2019,10550,5308,3564,4141,13159,227835,1058158,0.215312836,28,18,93,24,85,54,0,48,55,24.5,14.16666667,83.5,20,69.41666667,37,0,4,34.41666667,25,14,81.5,20,72,41,0,0,39.5
45,2019,21155,22824,16847,12413,29817,695525,5157702,0.134851723,25,16,78,22,100,41,0,21,64,21.58333333,12.91666667,71.16666667,18.16666667,68.83333333,34.16666667,0,14.83333333,51.66666667,21.5,13,71,18,66.5,36,0,15,51.5
46,2019,1635,4084,1163,1440,3861,113309,887127,0.127725793,32,17,89,24,93,82,0,0,82,24.25,12.83333333,79,18.08333333,74.33333333,15.16666667,0,0,14.66666667,23.5,12.5,78.5,18.5,76.5,0,0,0,0
47,2019,17643,13997,4931,13345,28720,778984,6830325,0.114047867,22,14,73,22,69,64,6,20,58,19.33333333,12.25,69.33333333,18.33333333,59.91666667,47.5,1,14.41666667,49,20,12,69.5,18,60,47,0,14.5,50
48,2019,71044,55037,42984,73341,104727,2889813,28986794,0.099694123,31,17,87,24,93,53,4,18,56,25.08333333,14.33333333,82,20.16666667,76.5,47.41666667,2.583333333,15.75,48.75,24,14,82.5,20,78.5,46.5,3,15.5,48
49,2019,19902,10349,5544,4476,15896,390864,3203383,0.122016006,28,14,91,22,88,39,0,11,57,24.33333333,13.33333333,82.66666667,19.41666667,72.25,26,0,5.333333333,39.25,25,13,82.5,19,70,23.5,0,8,38
50,2019,4722,9829,2482,1414,5286,219315,624046,0.351440439,31,23,92,24,79,0,0,39,84,25.25,17.25,84.41666667,19.58333333,66.58333333,0,0,3.25,39.25,26,17,86.5,20,69,0,0,0,50
51,2019,33727,30368,22589,24268,45574,877505,8556642,0.102552497,32,18,90,24,100,40,6,22,62,27.91666667,15.58333333,78.58333333,21.33333333,71.66666667,36.16666667,3.833333333,17.25,52.5,28,16,77.5,21,69,36.5,4,17,54
53,2019,33516,29360,11980,11796,36601,1081889,7614024,0.142091619,33,20,90,25,81,54,0,19,62,28,17.25,80.41666667,23,72.66666667,46.58333333,0,14.16666667,51.58333333,28,17,79.5,23,74.5,48.5,0,14,54
55,2019,13132,7821,3917,6214,12152,511792,5824581,0.087867608,30,17,100,23,99,52,0,17,67,24.41666667,14.16666667,87.66666667,20.41666667,74.66666667,44.66666667,0,10.91666667,50.75,24.5,14.5,87.5,21.5,76.5,44.5,0,11.5,50.5
56,2019,4764,4024,1385,1721,5874,117013,580116,0.20170621,31,22,83,21,84,0,0,0,0,20.83333333,15.83333333,70.58333333,17.5,68.08333333,0,0,0,0,20,16,71.5,17,67.5,0,0,0,0
1,2018,14132,12036,16072,12191,29520,714997,4891628,0.146167493,27,14,85,25,85,42,0,8,29,23,12.25,77.66666667,22.08333333,73,32.58333333,0,3.333333333,23.08333333,23,12,77,22,73,32.5,0,0,24.5
4,2018,58442,23939,34895,31378,52897,1537515,7164228,0.214610004,25,16,95,28,87,48,0,21,45,21.58333333,14.58333333,83,22.91666667,77.41666667,35.25,0,14.5,29.41666667,22,14,84,22,79,35,0,13.5,29.5
5,2018,8844,11469,1369,6773,20005,521751,3012161,0.173214845,29,17,90,29,97,63,0,0,44,23.41666667,14.16666667,81,24.58333333,78.83333333,44.5,0,0,30.5,23.5,14.5,81.5,24,82,44.5,0,0,29
6,2018,109851,110623,49731,60943,183968,4964703,39437463,0.125887991,24,15,88,26,86,46,3,15,43,19.66666667,13,82.5,20,76.16666667,43.66666667,2.083333333,11.83333333,33.91666667,20,12.5,83,19,78,43.5,2,11.5,34.5
8,2018,29735,46287,11122,17478,46695,1053827,5697155,0.184974255,22,18,91,26,80,49,0,12,40,19.66666667,15.33333333,81.83333333,20.75,71.41666667,41.16666667,0,6.75,31.16666667,20,16,81.5,20,72,41,0,8.5,30
9,2018,17621,21262,11549,9039,22978,655344,3574561,0.18333552,27,19,89,28,80,54,20,20,61,23.33333333,15.25,84.58333333,23.16666667,72.16666667,40.91666667,13.16666667,14,40.66666667,23,15.5,86,22.5,74.5,39.5,14,14,40
10,2018,822,1202,555,1831,2287,67785,966985,0.070099329,28,19,86,29,86,40,0,0,73,22.41666667,14.41666667,79.08333333,22.25,71.08333333,6.5,0,0,21.33333333,23.5,14.5,79,22.5,70.5,0,0,0,16.5
11,2018,1826,3856,2620,6750,13660,318622,704147,0.452493584,28,22,76,25,79,51,0,0,50,23.83333333,15.66666667,70.91666667,20.91666667,65.91666667,21,0,0,9,23.5,14.5,72,21,65,27.5,0,0,0
12,2018,15798,30833,14459,29434,57159,1520625,21254926,0.071542239,25,14,84,27,76,34,4,20,45,21.91666667,12.75,77.41666667,21.41666667,67,30.41666667,3,15.41666667,31.58333333,22,13,80,21,68,30.5,3,15.5,32.5
15,2018,637,3040,598,1399,2172,69270,1423102,0.048675358,29,18,84,27,85,47,0,0,44,22.75,15.41666667,73.16666667,20.25,75,10.25,0,0,10,22,15.5,72,20,76.5,0,0,0,0
16,2018,1448,855,705,1670,2599,113030,1752074,0.064512115,30,17,85,30,87,57,0,0,38,23.5,14,80.16666667,23.5,76.16666667,39.33333333,0,0,11.08333333,24.5,14,80.5,23,76,41,0,0,0
17,2018,13251,12353,7450,10717,20906,466589,12724685,0.03666802,26,15,91,26,87,56,6,16,44,21.91666667,12.5,82.25,21.83333333,72.91666667,47,3.833333333,12.75,33.08333333,22,12,82,21.5,76.5,46.5,4,12,33
18,2018,43577,27138,27616,14416,48785,957963,6698481,0.143011975,28,15,84,25,100,46,6,16,35,23.66666667,12.75,80.16666667,21.83333333,78.08333333,37.25,1,10.5,28.16666667,23.5,12.5,80.5,21.5,78.5,38,0,10,28.5
19,2018,51637,38109,34304,16977,58865,1305097,3149900,0.414329661,29,17,91,26,94,53,0,13,38,23.75,13.41666667,81.58333333,22.16666667,78.83333333,38.83333333,0,1.083333333,23.66666667,24.5,12.5,80.5,22.5,85,38,0,0,24.5
21,2018,38811,33795,20668,13798,47460,1099789,4464273,0.246353438,26,15,89,30,78,45,0,14,30,23.16666667,13,81.33333333,22.25,69.25,34.16666667,0,8,25.25,23.5,13,81.5,21,69,34,0,10,26
22,2018,3974,1935,2457,3858,9291,275808,4664450,0.059129801,29,13,85,26,72,64,0,20,38,23.83333333,11.25,77,22,65.5,55.75,0,9.333333333,27.91666667,24.5,11.5,76,22,67.5,58,0,11,29
25,2018,2071,1594,752,1933,2413,183163,6885720,0.026600414,26,15,80,28,74,64,20,20,60,22.91666667,12.91666667,75.83333333,22.41666667,67.16666667,53.5,15,14.16666667,44.08333333,23,13.5,75.5,22,69.5,49.5,15,13.5,43.5
26,2018,47112,35534,29339,35795,66177,1622010,9987286,0.162407485,27,13,82,25,78,49,4,20,48,21.41666667,11.16666667,74.33333333,21.41666667,68.5,42.66666667,0.916666667,15.58333333,36.83333333,21,11,74,21,71,43.5,0,15,35.5
27,2018,126747,101001,46690,29121,121457,1986797,5608762,0.354230934,28,18,93,24,85,64,0,14,49,23.83333333,14.16666667,84.58333333,20.58333333,74.16666667,54.58333333,0,8.416666667,37.08333333,23.5,14,84.5,20.5,73.5,54.5,0,10.5,38.5
28,2018,12979,10823,17071,10400,24493,596694,2982879,0.200039626,33,15,90,31,87,60,0,21,37,26.58333333,12.08333333,79.91666667,24.33333333,74.58333333,45.5,0,4.416666667,23.16666667,26.5,12,81.5,25,73.5,44,0,0,25
29,2018,11388,6152,7825,15301,25768,534542,6125986,0.087258116,28,17,92,25,86,49,0,15,35,22.75,14,81.58333333,22,77,41.41666667,0,11.5,26.75,23,14,82.5,22,79,41.5,0,12,25
30,2018,24096,15953,7906,5855,20749,437009,1061818,0.411566766,24,21,86,28,87,68,0,0,60,19.83333333,16.16666667,79.91666667,22.58333333,75.5,18.5,0,0,5,20,15.5,80,22,77.5,0,0,0,0
31,2018,4653,4371,1377,3997,6799,173053,1925512,0.089873758,28,18,91,28,90,47,0,0,29,23.33333333,14.83333333,84,23.16666667,78.08333333,33.83333333,0,0,8.75,23,15,85.5,22.5,82,36.5,0,0,0
32,2018,1984,1927,572,1043,2180,134342,3030725,0.044326688,25,18,91,28,84,59,0,23,40,20.83333333,14.75,84.58333333,22.75,74.41666667,51.75,0,3.5,20.58333333,21.5,14.5,85,23,75,52.5,0,0,21
34,2018,34780,60238,25875,33132,80702,2936817,8891730,0.330286345,26,14,85,30,80,32,6,28,52,23.16666667,11.66666667,78.16666667,23.25,70.5,27.33333333,3.416666667,18.75,37.41666667,23.5,12,78.5,23,72,26.5,4,18,37
35,2018,28375,31921,10870,9594,27683,1036615,2093754,0.495098756,22,22,96,30,91,42,0,25,38,19.33333333,19.91666667,84.66666667,23.75,76.33333333,32.16666667,0,2.083333333,21.08333333,20.5,21,82.5,23,77.5,37,0,0,24.5
36,2018,7447,12497,3722,7065,11860,402087,19544098,0.020573321,27,14,100,29,86,50,5,23,53,22.41666667,12.33333333,86.33333333,23.66666667,75.58333333,44.33333333,3.833333333,17.91666667,40.5,22,12,86.5,23.5,77,44.5,4,17.5,40.5
37,2018,21286,21503,6321,19576,39025,701774,10391358,0.067534388,28,16,86,26,86,42,3,14,47,24.16666667,13.91666667,76.58333333,22.33333333,69.5,32.5,0.5,10.83333333,31.16666667,23.5,14,75.5,22.5,71,31.5,0,11,31
38,2018,2186,943,984,1107,2492,93696,760062,0.123274154,24,16,88,23,79,46,0,0,0,19.41666667,12.16666667,79.58333333,18.33333333,65.91666667,3.833333333,0,0,0,20,12.5,81,18.5,71,0,0,0,0
39,2018,99444,103494,62850,56636,128454,3368813,11680892,0.288403745,27,14,90,24,84,51,6,23,47,22.66666667,11.5,80.91666667,21.25,69.58333333,45.83333333,3.666666667,15,36.08333333,23,11,81,21,73.5,46,4,16,35.5
40,2018,16681,18456,4448,11310,34582,709735,3943488,0.179976457,27,17,95,27,84,75,0,15,33,23,14.83333333,84.58333333,23,76,57.08333333,0,2.333333333,19.75,23,14.5,84,23.5,78,56.5,0,0,20
41,2018,39613,51856,12380,11586,37469,935645,4183538,0.223649217,27,18,91,27,83,55,0,11,44,25,15.75,82.91666667,23.41666667,73.83333333,45.58333333,0,3.25,27.5,25,16,83,23.5,76,46.5,0,0,26
42,2018,85574,85862,73070,57437,141122,3911474,12809107,0.305366643,26,14,95,27,79,45,6,20,51,21.25,12.33333333,83.25,21.66666667,67.91666667,37,4.416666667,15.16666667,36.66666667,21,12.5,84,22,71.5,36.5,4,14,36
44,2018,8440,3961,2971,3609,10681,212589,1059338,0.200680991,31,18,91,27,78,73,31,0,43,24.58333333,13.41666667,82.83333333,22.33333333,68.08333333,35.5,2.583333333,0,26.5,24,13.5,83,22,68.5,36,0,0,32
45,2018,17960,18165,15297,11404,25659,609397,5091702,0.119684341,23,15,76,22,85,41,0,14,41,20,12.66666667,69.5,18.91666667,67.5,31.41666667,0,6.25,30.58333333,20.5,12.5,68.5,19,67.5,31.5,0,9,30
46,2018,1607,3943,1242,1502,3846,113801,879386,0.129409611,32,19,83,27,94,51,0,0,0,23.25,13,77.83333333,20.91666667,76.25,4.25,0,0,0,23.5,13,78,21,82.5,0,0,0,0
47,2018,16802,12162,4953,14823,28092,814390,6778180,0.120148771,22,12,84,23,69,49,0,17,46,18.16666667,11.25,71.5,19.33333333,61.58333333,44,0,11.41666667,30.91666667,18,11,70.5,19,63,44,0,11,29.5
48,2018,59735,47672,41940,69144,98622,2777115,28624564,0.097018596,26,15,87,25,91,50,4,16,37,23.08333333,12.66666667,80.66666667,21.75,75.83333333,45.08333333,2.25,12.5,30.58333333,23.5,12,81,21.5,78,45,2,12,31
49,2018,19365,10101,5925,4483,15425,389997,3155153,0.123606367,25,15,90,23,85,29,0,11,28,21.58333333,12.58333333,82.58333333,19.66666667,74.16666667,24.41666667,0,3.333333333,21.5,21,13,82.5,19,75.5,24,0,0,21
50,2018,4384,9584,2464,1381,5128,218827,624802,0.350234154,27,18,99,25,78,0,0,0,45,21.66666667,14.75,82.08333333,19.08333333,68.58333333,0,0,0,3.75,22.5,15.5,80.5,20,75,0,0,0,0
51,2018,31445,27840,21636,23450,42704,856762,8510920,0.100666203,29,17,84,28,88,39,5,15,40,25.66666667,14,76.08333333,22.58333333,72.16666667,33.5,1.25,12.16666667,28.58333333,26,14,77,22,70.5,33.5,0,13,28.5
53,2018,19701,20804,6485,9616,25787,701317,7526793,0.093176071,29,18,88,28,85,54,6,14,48,24.83333333,15.66666667,83.5,23.66666667,75,46.75,0.5,10.91666667,33.75,24.5,15.5,84.5,23.5,77,46,0,11.5,32
55,2018,12461,7810,3624,6214,12201,491632,5809319,0.084628164,27,16,90,25,83,56,0,13,39,22.33333333,13.33333333,84.75,20.75,73.58333333,47.16666667,0,7.416666667,29.41666667,23,13,85,20.5,75.5,47.5,0,9,30
56,2018,4146,3893,1391,1674,5630,113785,579054,0.196501535,28,18,78,25,80,0,0,0,0,19,13.75,67.91666667,20,69.75,0,0,0,0,19,12.5,67,20,75.5,0,0,0,0
1,2017,13683,11256,15612,12535,29660,725455,4877989,0.148720098,27,15,75,23,85,37,8,7,22,23.66666667,12.75,69.66666667,20.33333333,69.75,30.41666667,0.666666667,0.583333333,13,23.5,13,69.5,21,71,30,0,0,12
4,2017,49412,21794,32195,29026,45784,1348253,7048088,0.19129344,26,17,84,23,84,39,7,14,21,22.08333333,14.33333333,77.25,20.91666667,75.5,33.33333333,0.583333333,8.166666667,15.66666667,23,14,77.5,21,76.5,33.5,0,9,14.5
5,2017,10587,12412,2975,7927,22196,522292,3003855,0.173873905,28,19,78,25,87,44,0,0,24,22.58333333,14.58333333,72,21,73.75,37.16666667,0,0,7,23,14,71.5,21,75.5,37.5,0,0,0
6,2017,89332,95845,46443,51842,146524,4474906,39337785,0.113755922,25,14,77,20,81,48,2,10,24,20,12.16666667,74.58333333,17.83333333,71,42.5,1.333333333,8.083333333,19.58333333,20,12,75,18,72.5,42,1.5,8,20.5
8,2017,28849,41317,11038,17550,45509,1030749,5617421,0.183491499,23,17,83,22,83,48,0,10,22,19.83333333,14.33333333,73.33333333,20.16666667,70.83333333,42.08333333,0,3.666666667,15.25,20.5,14,72.5,20,72,42.5,0,0,15
9,2017,16610,20713,11230,9716,22531,677471,3575324,0.189485205,28,16,84,24,83,49,27,13,37,23.66666667,14.5,77.16666667,20.91666667,71.41666667,37.83333333,11.16666667,5.666666667,21.16666667,24,15,77,21,75,37,11.5,5,19.5
10,2017,674,1245,653,1451,1611,65249,957942,0.068113727,29,16,91,25,86,43,0,0,35,21.58333333,12.91666667,73.41666667,21.16666667,70.75,8.666666667,0,0,2.916666667,21,12.5,72,21.5,72.5,0,0,0,0
11,2017,1600,3172,2112,5666,10910,256188,697079,0.367516451,26,16,79,23,68,43,15,12,23,22.08333333,13.58333333,72,19.75,61.91666667,30.91666667,2.333333333,2,8.416666667,22.5,14,72,19.5,65.5,29.5,0,0,6
12,2017,14642,34978,15316,29113,55025,1486497,20977089,0.070862883,25,14,76,24,79,36,3,14,23,21,12,69.83333333,19.58333333,65.58333333,29.33333333,2.25,9.333333333,18.41666667,21.5,12,70,20,65,28.5,2,9,18.5
15,2017,690,2567,525,1577,2449,68841,1425763,0.048283621,29,19,76,21,84,63,0,0,37,24.41666667,15.5,69.33333333,17.5,69.5,14,0,0,3.083333333,24.5,15.5,68.5,17,71,0,0,0,0
16,2017,1434,846,658,1691,2537,104162,1719745,0.060568282,28,17,75,25,84,80,0,0,30,22.58333333,14.16666667,70.25,21.41666667,73.83333333,33.5,0,0,2.5,23,14.5,70.5,21.5,74,36.5,0,0,0
17,2017,13960,12468,8393,11997,22521,498363,12779893,0.038995866,25,13,81,22,83,49,4,13,25,21.83333333,11.41666667,74.33333333,19.5,68,43.16666667,1.833333333,8.833333333,19.33333333,22.5,12,75,20,71,42,1.5,9,20
18,2017,42243,25846,28458,15038,48198,959539,6662068,0.144030202,27,14,90,22,95,47,0,11,25,22,12.08333333,75.33333333,19.91666667,75.83333333,33.08333333,0,5.833333333,16.75,22,12.5,74,20,76.5,32,0,7,16
19,2017,10637,9778,7370,11541,25695,694251,3143734,0.220836432,33,18,85,26,97,52,0,0,18,25.33333333,12.83333333,75.75,20.33333333,76.33333333,36.75,0,0,10.16666667,25,12,74.5,20.5,77,35.5,0,0,14.5
21,2017,37717,31077,20689,13618,45896,1082116,4455590,0.24286705,26,14,90,24,85,43,0,0,22,22.41666667,12.33333333,75.83333333,20.41666667,68.83333333,32.58333333,0,0,13,22.5,12,75.5,20,69,32,0,0,13.5
22,2017,4271,2430,2729,4578,9909,345001,4673673,0.073817959,27,13,81,24,77,64,0,14,26,23.75,11.08333333,70.08333333,20.83333333,66.75,53.83333333,0,2.166666667,16.66666667,23.5,11,69.5,20.5,66,54,0,0,17
25,2017,2116,2878,881,2355,3402,219942,6863560,0.032044886,26,14,75,22,74,66,18,15,34,22.58333333,12.41666667,70.41666667,19.83333333,64.08333333,55.5,11.58333333,9.5,24.16666667,23.5,12.5,70,20,65,57,11,8.5,24
26,2017,33832,23547,21957,27955,47211,1239820,9976752,0.124270905,24,12,85,22,75,42,5,14,25,21.08333333,10.75,69.83333333,19.83333333,64.83333333,38.33333333,1.583333333,8.916666667,20.16666667,21.5,11,69.5,20.5,66.5,39,0,8.5,19.5
27,2017,103946,75761,40423,21818,97876,1868001,5569283,0.335411399,27,16,91,21,88,64,0,10,35,23.16666667,13.66666667,79.66666667,18.83333333,75.08333333,55.58333333,0,1.666666667,22.08333333,23,13.5,78.5,20,75.5,56.5,0,0,20.5
28,2017,8910,8011,13009,7815,17867,516036,2990674,0.172548395,34,14,78,30,86,65,17,0,29,28.25,11.75,71.25,22,71.25,43.41666667,1.416666667,0,8.583333333,29,11.5,70,21.5,71,42,0,0,0
29,2017,11101,5627,7779,16096,24994,541944,6111382,0.088677815,27,15,79,22,89,49,0,12,21,22.25,13.33333333,74.83333333,20,74.91666667,40.83333333,0,4.666666667,15.08333333,22.5,13,74.5,20,78.5,41.5,0,3.5,14.5
30,2017,13180,11727,5597,4996,14830,349322,1053862,0.331468447,25,22,82,27,89,74,0,0,0,18.83333333,17,74.75,21.58333333,75.58333333,19.75,0,0,0,18.5,16,74.5,23,80,0,0,0,0
31,2017,4263,4081,1224,4094,6576,151791,1916998,0.079181616,32,17,82,26,88,57,0,0,21,24.08333333,13.66666667,76.41666667,21.41666667,73.66666667,34.91666667,0,0,1.75,24,14,77.5,21,74.5,37,0,0,0
32,2017,2053,2020,652,1163,2379,142528,2972097,0.047955366,28,18,79,23,81,65,0,0,18,20.58333333,14.16666667,74.5,20,70.16666667,50.58333333,0,0,7.833333333,20.5,14,76,20,71,51.5,0,0,7
34,2017,32462,55166,21683,32778,79012,2805249,8888147,0.315616855,29,14,80,24,76,33,5,14,28,23.25,11.66666667,72.75,21.16666667,69.25,28.58333333,1.416666667,11.83333333,21.75,23.5,11.5,72,21.5,73.5,29,0,12.5,22
35,2017,32523,44345,11299,12946,35649,1032469,2092844,0.493332996,27,26,86,28,89,59,0,27,0,22,20.91666667,79.91666667,22.5,76.91666667,33.33333333,0,2.25,0,22.5,20,78.5,22.5,78,38,0,0,0
36,2017,7292,11637,3494,7298,11732,402960,19593849,0.020565638,24,14,84,24,84,49,5,14,30,21.5,11.33333333,77.25,20.83333333,70.08333333,43.58333333,3.25,11.33333333,22.58333333,22,11.5,77.5,21,70.5,43.5,3,11.5,22.5
37,2017,25412,25582,8994,30223,54752,996228,10275758,0.096949344,28,16,71,25,86,38,0,10,21,24.16666667,13.58333333,68.66666667,21.16666667,68.58333333,33.66666667,0,7.166666667,16.58333333,24.5,13.5,69,22,68.5,34,0,7,16
38,2017,2562,1103,1138,1266,2889,94110,756755,0.124359932,23,25,94,22,84,0,0,0,0,19.5,12,76.33333333,17.08333333,66.33333333,0,0,0,0,21,11.5,76.5,16.5,68.5,0,0,0,0
39,2017,89312,98584,62447,51911,110379,3713387,11665706,0.318316525,26,13,77,22,77,47,5,14,27,22.16666667,11.33333333,72.25,19.41666667,66.75,39.66666667,1.25,9.75,22,22.5,11.5,73,20,67,39,0,10,21
40,2017,14874,15252,4346,11880,32949,671471,3933602,0.170701306,29,18,84,25,83,66,0,0,26,23.41666667,14.66666667,76.75,21.25,72.83333333,53.91666667,0,0,11.25,24.5,14.5,76.5,21.5,73,53.5,0,0,15.5
41,2017,38678,48971,0,11065,34191,877550,4147294,0.211595802,26,16,77,22,75,59,0,10,20,22.33333333,14.16666667,70.25,20.08333333,65.41666667,44.41666667,0,1.666666667,13.75,23,14,70,21,67.5,47.5,0,0,14.5
42,2017,75282,79222,75136,74253,145967,3965979,12794679,0.309970965,24,14,85,22,78,42,5,15,27,20.91666667,11.83333333,74.58333333,19.58333333,66.08333333,35.75,2.916666667,10.33333333,21.66666667,21.5,12,73.5,20,69,36.5,3,10,22
44,2017,6815,6523,2911,3669,10652,218652,1056554,0.206948249,31,17,83,23,79,64,0,0,29,23.75,12.66666667,75.25,18.75,67.25,33.83333333,0,0,4.75,23,12.5,75,18.5,69.5,39,0,0,0
45,2017,16221,15412,15026,10862,24411,599231,5027102,0.119200088,23,15,69,20,83,44,0,12,25,20.41666667,12,63.25,17.5,65.58333333,33.16666667,0,5.083333333,16.41666667,20.5,12,63.5,17.5,68,33,0,4,16
46,2017,1410,3557,1225,1488,3520,109918,873732,0.125802878,36,21,76,23,91,79,0,0,0,23.08333333,12.58333333,69.08333333,18.33333333,74.58333333,16.41666667,0,0,0,23,12.5,71.5,19,75.5,0,0,0,0
47,2017,14837,9823,3741,15101,27909,749357,6714748,0.111598678,20,12,69,21,100,56,0,9,27,18,10.75,64.41666667,17.91666667,62.83333333,47.08333333,0,5.583333333,15.91666667,18.5,11,64.5,18,60.5,47.5,0,7,15.5
48,2017,50600,40636,39743,69240,94968,2636337,28291024,0.093186341,25,14,75,22,87,48,3,13,21,22.16666667,12.33333333,71.08333333,19.25,70.25,42.08333333,1.916666667,8.833333333,17.83333333,22.5,12,71,19.5,71,41.5,2,8.5,18.5
49,2017,18520,10018,5976,4400,15031,385926,3103540,0.124350258,24,14,79,23,84,38,14,0,19,20.75,12.5,72.58333333,19.25,72.25,26.08333333,1.166666667,0,9.666666667,20.5,12.5,72,19,73.5,25,0,0,10
50,2017,4021,8600,2383,1352,4806,216411,625132,0.346184486,27,25,83,23,77,37,0,0,0,21,15.83333333,73.66666667,18.33333333,67.66666667,3.083333333,0,0,0,20.5,15,71.5,18,69,0,0,0,0
51,2017,28846,24122,20748,22266,40095,853845,8471011,0.100796115,29,14,75,22,83,37,0,11,21,24.91666667,12.83333333,67.66666667,20,68.91666667,32,0,7.916666667,14.91666667,25.5,13,67,20.5,67,32,0,7.5,14.5
53,2017,16407,17678,5502,8870,23433,646490,7427951,0.087034769,27,16,87,24,83,48,6,9,26,23.58333333,15.25,76.58333333,20.91666667,70.58333333,40.91666667,0.5,5.083333333,17.91666667,24,16,74.5,21,70.5,40,0,6.5,17
55,2017,11152,7449,3186,6327,12009,449119,5793147,0.077525911,26,15,87,24,85,62,0,9,27,22.25,12.5,78.16666667,19.75,74.16666667,47.5,0,0.75,17.25,23.5,13,78.5,20,80,44.5,0,0,17.5
56,2017,4100,4171,1504,1709,5512,121658,579994,0.209757342,26,19,74,26,87,0,0,0,0,19.08333333,12.33333333,61.83333333,20.33333333,69.16666667,0,0,0,0,19.5,13.5,62,21.5,70,0,0,0,0
1,2016,13406,10582,15078,12680,30570,727636,4866824,0.149509413,24,15,70,28,82,40,0,0,10,21.5,12.33333333,64,21.91666667,67.91666667,32.66666667,0,0,2.916666667,21,12,63.5,22,69.5,32.5,0,0,0
4,2016,47723,40496,32163,35079,46701,1294014,6944767,0.186329361,23,17,82,28,88,41,0,10,12,19.83333333,14.41666667,73,21.83333333,71.75,30.58333333,0,1.416666667,5.666666667,20,14.5,71,21.5,73,30.5,0,0,8
5,2016,9603,11610,3572,8136,22160,518243,2991815,0.173220269,25,18,70,29,88,52,0,0,0,21.41666667,13.83333333,65.41666667,23.33333333,72.66666667,37.25,0,0,0,21,13.5,66,23,72.5,35.5,0,0,0
6,2016,81068,105272,47168,99049,174029,4529195,39149186,0.115690656,21,15,74,22,78,46,2,7,14,17.75,12.08333333,67.75,18.5,67.75,43.16666667,0.916666667,4.75,10.83333333,17.5,12,68.5,18.5,70,43,1,4.5,10.5
8,2016,18123,24780,7354,12531,31558,868078,5543844,0.156584132,21,19,73,24,80,51,0,0,15,17.91666667,14.83333333,67,20.41666667,67.33333333,41.08333333,0,0,6.166666667,19,15,65.5,20,69,39.5,0,0,7
9,2016,13150,14833,5661,11373,20283,659747,3579830,0.184295623,25,17,77,25,78,51,16,0,17,22.41666667,14.16666667,70.5,22.25,67.66666667,41.91666667,1.333333333,0,4.166666667,23,14,71.5,22,71.5,41,0,0,0
10,2016,500,1073,519,1415,1424,50826,949989,0.053501672,26,17,73,26,79,42,0,0,0,21.41666667,12.58333333,65,21.25,64.75,15.66666667,0,0,0,22,12.5,65.5,20.5,66,0,0,0,0
11,2016,834,2546,1698,4427,10840,244815,687576,0.356055185,27,17,73,26,71,39,0,0,16,22,13.16666667,68.25,20.66666667,60.58333333,30.16666667,0,0,2.416666667,22,13,68.5,20,62.5,29.5,0,0,0
12,2016,12989,24092,12562,32631,55146,1489178,20627237,0.072194739,24,15,70,28,99,34,2,7,13,20.16666667,11.66666667,65.33333333,21.66666667,65.5,30.83333333,0.666666667,4.25,9.75,20,11,65.5,22,63.5,31.5,0,4,10
15,2016,598,2300,475,1657,2550,70164,1428885,0.049104022,28,18,70,26,84,43,0,0,0,21.58333333,15.91666667,63.16666667,19.83333333,66.75,3.583333333,0,0,0,21,16.5,62,19,68,0,0,0,0
16,2016,1325,578,617,1660,2284,103711,1684036,0.061584788,27,16,74,25,86,68,0,0,0,19.83333333,13.91666667,67.58333333,20.58333333,71.91666667,37.08333333,0,0,0,20.5,13.5,68,21,73.5,50.5,0,0,0
17,2016,2823,2411,1548,2507,3065,550922,12821709,0.042967907,23,13,71,24,82,48,3,9,16,19.83333333,10.66666667,64.08333333,19.83333333,64.16666667,43.58333333,0.5,6.083333333,11.58333333,20,10.5,65.5,20,65,43.5,0,6,12
18,2016,40949,24725,30138,15487,46102,943526,6637898,0.142142287,23,14,73,25,86,40,0,0,14,20.16666667,11.33333333,67.91666667,20.25,71.25,36.33333333,0,0,8,21,11,67.5,20,72.5,37,0,0,9
19,2016,26156,25035,19464,23498,54960,797989,3133210,0.254687365,27,16,75,25,95,50,0,0,21,23,12.75,67.83333333,19.91666667,73,33.83333333,0,0,3.083333333,23,11.5,68,20,79,32.5,0,0,0
21,2016,37078,30162,21197,23091,45620,1080646,4440306,0.243371966,25,14,77,25,78,46,0,10,13,21.16666667,12,68.83333333,20.66666667,64.33333333,33.5,0,0.833333333,1.083333333,21,12,69.5,21,65.5,32.5,0,0,0
22,2016,2724,1521,2322,4742,7768,241332,4681346,0.05155184,25,13,73,28,78,65,0,12,14,22,10.83333333,63.66666667,21.33333333,61.25,53.66666667,0,1,3.25,22,10.5,63,21,60.5,53,0,0,0
25,2016,1374,2271,542,1711,2322,235281,6827280,0.034461894,24,14,74,26,72,68,8,9,20,21.33333333,12.5,66.41666667,20.75,62.83333333,55.58333333,4,3.416666667,11.5,22,13,65.5,20.5,65.5,54.5,5,3,11
27,2016,86844,72496,37543,27511,100676,1787274,5525360,0.32346743,25,15,77,22,90,75,0,0,15,21.58333333,13,72.66666667,19.16666667,71.66666667,54.33333333,0,0,7.833333333,22,13.5,72.5,19,74,52.5,0,0,12
28,2016,17292,8323,15771,10988,21172,583019,2990595,0.194950838,31,14,78,34,82,54,0,0,19,25.41666667,11.33333333,68.33333333,24.16666667,69.25,44.33333333,0,0,1.583333333,25.5,11.5,65.5,22.5,72,44,0,0,0
29,2016,9747,4513,6777,15716,22790,533332,6091384,0.087555143,24,15,74,25,86,55,7,8,13,21.33333333,13.41666667,68.16666667,21.41666667,72.08333333,43.41666667,0.583333333,0.666666667,7.75,22,13.5,68,21,74.5,43,0,0,9.5
30,2016,7395,7734,4031,5037,9904,266806,1042137,0.256018163,26,20,82,28,92,98,0,0,0,18.25,16.5,69.58333333,20.75,74.83333333,8.166666667,0,0,0,18,16,69,20.5,75,0,0,0,0
31,2016,3760,3876,1169,3893,5875,136598,1906483,0.07164921,26,16,75,26,87,51,0,0,0,21.41666667,12.91666667,69.33333333,21.66666667,73.33333333,33.66666667,0,0,0,21.5,13,69,22.5,78.5,36,0,0,0
32,2016,2021,1825,649,1167,2249,166235,2919555,0.056938472,21,19,76,28,83,53,0,0,0,17.5,13.41666667,67.41666667,21.83333333,65.91666667,46.16666667,0,0,0,17.5,13,66,21,65.5,46.5,0,0,0
34,2016,1757,4082,4405,639,2087,2261550,8873584,0.254863198,26,14,84,29,79,35,8,11,14,22.08333333,11.16666667,69.91666667,22.66666667,67.5,29.58333333,2.416666667,7.583333333,11.08333333,22.5,11,67.5,22,71,29,2,8,11
35,2016,24030,37545,9789,12103,29455,916404,2092555,0.437935443,23,26,87,30,91,56,0,0,0,19,21.5,73.75,24.33333333,75.08333333,33.75,0,0,0,19.5,21,71.5,24.5,78,40,0,0,0
36,2016,9562,11591,3618,10649,13743,395316,19636391,0.020131805,25,15,74,27,79,46,5,8,16,20.91666667,11.16666667,70,21.16666667,65.58333333,41.16666667,2.5,7,11,22,11,71.5,21,66,41,2.5,7,11.5
37,2016,20617,18915,6891,23685,41797,961169,10161802,0.094586472,26,17,69,27,87,39,0,8,13,22.58333333,13.66666667,64.5,21.5,66.83333333,32.5,0,3.166666667,8.166666667,22.5,13.5,64.5,21,65.5,32.5,0,4.5,7.5
38,2016,3214,1489,1434,1488,3756,100210,756114,0.132532925,26,15,79,21,81,0,0,0,0,20.25,11.66666667,69.58333333,16.33333333,65.75,0,0,0,0,19.5,13,69,16.5,69,0,0,0,0
39,2016,55570,77720,49787,56300,104860,3001850,11640060,0.257889564,25,13,70,23,76,48,5,11,18,20.58333333,11.25,64.91666667,19.58333333,64.66666667,42.41666667,0.416666667,5.083333333,12.41666667,21,11,65,19.5,66.5,43,0,5.5,12.5
40,2016,13483,13883,4220,12895,30839,643181,3928143,0.163736656,29,16,75,27,79,78,0,0,0,22.91666667,13.58333333,69.41666667,21.91666667,69.41666667,55.75,0,0,0,22,13.5,70,21.5,71,58,0,0,0
41,2016,25009,48856,12171,11024,30588,875913,4093271,0.213988519,24,16,71,23,74,50,0,0,13,20.83333333,14.41666667,64.58333333,20.08333333,61.83333333,44.75,0,0,1.083333333,20.5,15,64,20,63.5,46,0,0,0
42,2016,54010,65832,68352,81362,131072,3759138,12788468,0.293947485,23,15,71,26,76,40,4,9,17,19.91666667,12.08333333,65.25,21.16666667,62.33333333,36.08333333,1.416666667,6.583333333,12.91666667,20,12,65,21,64.5,36,0,7.5,13
44,2016,6200,6010,2774,3546,9912,221427,1057816,0.209324684,25,18,78,28,79,68,0,0,0,21.5,12.58333333,70.16666667,20.5,65.08333333,44.75,0,0,0,23.5,12,69,20,68.5,44.5,0,0,0
45,2016,15266,14136,15026,11526,24535,595818,4963031,0.120051235,23,14,65,27,87,46,0,0,10,19.25,12.33333333,57.91666667,18.75,63,33.75,0,0,1.666666667,19,12,57,18.5,60.5,31.5,0,0,0
46,2016,1260,3833,1262,1585,3527,112175,863693,0.129878325,30,17,75,24,90,0,0,0,0,21.33333333,11,66,18.08333333,74,0,0,0,0,22,12,65.5,17.5,78,0,0,0,0
47,2016,15538,11550,6855,16197,30986,821620,6651277,0.123528159,20,13,63,24,74,56,9,7,18,17.16666667,10.91666667,58.66666667,18.25,57.41666667,44,0.75,0.583333333,5.166666667,18,11,59,18.5,59,42.5,0,0,3.5
48,2016,45124,35400,37313,68911,88936,2555898,27914064,0.091563092,25,14,73,24,83,47,3,6,12,21.5,11.83333333,65.41666667,20.16666667,67.08333333,41.83333333,0.666666667,4.333333333,9.166666667,21.5,12,64.5,20,68,42,0,4,9.5
49,2016,17010,9538,5875,4555,14485,373286,3044241,0.122620384,22,14,71,22,84,32,0,11,13,18.66666667,11.75,66.83333333,18.75,68.33333333,24.83333333,0,2.666666667,1.083333333,18.5,12,66,19,68.5,26.5,0,0,0
50,2016,3698,7885,2325,1265,4517,218661,624366,0.350212856,27,19,76,23,74,52,0,0,60,21.41666667,15.08333333,67,18.66666667,62.33333333,4.333333333,0,0,5,21.5,15.5,67,18.5,67,0,0,0,0
51,2016,27242,21880,20736,22572,38209,817386,8417651,0.097103812,27,16,75,27,88,40,0,6,13,23,13.66666667,67.5,21.16666667,67.91666667,34.16666667,0,2.666666667,9.166666667,23.5,14,67,21,65,34.5,0,2,8.5
53,2016,12290,15014,3708,10021,23340,538996,7299961,0.073835463,25,18,76,26,84,72,0,8,14,21.41666667,15.33333333,70.91666667,21.58333333,68.16666667,48.83333333,0,1.75,8.083333333,21.5,15,70,21.5,69,45.5,0,0,9
55,2016,9800,9751,3763,10812,16026,533857,5775170,0.092440049,26,16,79,25,90,58,0,10,19,21.25,13.08333333,72.66666667,20.5,73.16666667,46.91666667,0,0.833333333,6.583333333,21,13,73.5,21,76,47,0,0,5
56,2016,4057,4494,1593,2175,5940,125512,585243,0.214461343,25,17,65,27,89,100,0,0,0,18.33333333,11.75,59.5,16.66666667,68.16666667,8.333333333,0,0,0,18,11,61,16,72.5,0,0,0,0
1,2015,15720,11619,16558,18553,30669,708264,4854803,0.145889339,27,15,63,26,85,36,0,0,0,22.58333333,12.33333333,56.5,23.5,70.41666667,29.83333333,0,0,0,21.5,12.5,56.5,24.5,71.5,28,0,0,0
4,2015,38311,38784,29207,40967,41246,1068391,6832810,0.156361877,24,17,73,24,85,39,0,0,8,20.41666667,14.33333333,66,21.75,73.25,32.25,0,0,0.666666667,20.5,14,64.5,22,76.5,32.5,0,0,0
5,2015,7716,9652,3750,13593,18984,482863,2979732,0.162049137,28,17,69,29,100,50,0,0,0,22.16666667,13.5,64.75,24.25,77.41666667,33.66666667,0,0,0,22.5,14,65.5,24,80.5,38.5,0,0,0
6,2015,82462,111797,51481,112387,199694,4863392,38904296,0.125009125,20,13,62,22,75,49,0,4,7,17.75,11.58333333,59,19.91666667,65,43.41666667,0,1.5,4.083333333,18,11.5,58.5,20,66,43,0,2,3
8,2015,20972,24321,7920,14235,35073,913759,5454328,0.167529162,22,16,67,23,82,46,0,0,0,18.33333333,14.33333333,59.16666667,20.91666667,68.33333333,36.33333333,0,0,0,18.5,14.5,58,20.5,70,35,0,0,0
9,2015,10097,14324,6398,13281,20112,631524,3588561,0.175982518,26,15,67,27,83,65,0,17,0,22.66666667,13.25,62.25,21.66666667,69.08333333,43.58333333,0,1.416666667,0,23,13.5,62,20,72,42,0,0,0
10,2015,789,1734,537,2201,2070,66184,942065,0.070254176,26,14,75,26,88,56,55,57,0,21.66666667,10,62.41666667,22,71.16666667,4.666666667,4.583333333,4.75,0,24,10,63.5,22.5,70,0,0,0,0
11,2015,874,2557,1607,4420,11194,198673,677014,0.293454788,24,13,70,27,70,46,0,12,0,20.58333333,11.91666667,64.25,21.66666667,60.83333333,36.33333333,0,1,0,20.5,12,64.5,21,61.5,35,0,0,0
12,2015,11283,21425,12731,39892,53391,1601928,20219111,0.079228409,23,13,60,25,68,37,3,3,7,20.33333333,10.83333333,55.58333333,21.66666667,57.66666667,31.33333333,0.25,0.666666667,3.75,21,10.5,56,22,58.5,31.5,0,0,3
15,2015,501,2655,663,1419,2416,73957,1422999,0.05197263,27,18,67,24,100,48,43,0,0,20.91666667,14.58333333,58.41666667,20.33333333,75.33333333,15.25,3.583333333,0,0,20.5,14,57.5,20.5,75,0,0,0,0
16,2015,217,254,117,1173,779,97885,1652495,0.059234672,26,17,67,27,94,66,0,0,0,20.58333333,14.41666667,62.66666667,21.91666667,78.83333333,26.83333333,0,0,0,20.5,15,63.5,21.5,80,20.5,0,0,0
17,2015,26839,21686,17033,30724,45239,910012,12859585,0.07076527,23,11,63,24,73,50,0,5,8,19.58333333,10,57.41666667,20.75,62.66666667,43.41666667,0,0.416666667,4.666666667,20.5,10,57,21,63.5,43,0,0,5
18,2015,31283,26090,26268,19560,47320,935146,6611442,0.141443576,25,16,65,24,89,47,10,0,0,21.5,11.83333333,60.08333333,20.66666667,76.25,33.75,0.833333333,0,0,21.5,11.5,60,20.5,79.5,33,0,0,0
19,2015,17739,27944,19852,13500,27416,805183,3122541,0.257861466,29,16,67,29,95,47,0,0,0,23.08333333,13.5,63.41666667,20.41666667,77.25,35.33333333,0,0,0,22,13.5,64,19.5,79,36.5,0,0,0
21,2015,35646,30405,22810,30851,47466,1116091,4429126,0.251988993,24,14,71,26,78,48,0,0,0,20.66666667,11.83333333,62.25,20.83333333,65.66666667,32.16666667,0,0,0,20.5,12,61,20,67,32.5,0,0,0
22,2015,3947,2275,3749,9607,15015,306644,4666998,0.065704764,31,14,65,25,74,72,0,0,19,23.83333333,11.16666667,56.5,20.83333333,62.25,56.75,0,0,1.583333333,23,11,55.5,20,60,56,0,0,0
25,2015,3452,6275,2085,8675,6304,233382,6797484,0.034333586,25,15,75,23,78,67,0,0,10,20.75,12.75,63.66666667,19.66666667,64.91666667,56,0,0,2.916666667,20,13,63.5,19.5,66.5,56.5,0,0,0
27,2015,74432,65189,34332,30327,94481,1555711,5484002,0.283681698,25,14,71,23,85,69,0,0,0,21.33333333,11.5,64.5,20.66666667,73.58333333,54.33333333,0,0,0,22.5,11.5,64,21,79.5,53,0,0,0
28,2015,6385,7315,14048,11502,22294,630913,2990231,0.210991392,34,16,72,29,92,81,0,31,0,26,11.91666667,62.41666667,22.83333333,74.91666667,40.83333333,0,2.583333333,0,25.5,11.5,62.5,21.5,75.5,46.5,0,0,0
29,2015,6238,7606,6286,19232,23336,527820,6075411,0.086878073,26,15,68,25,82,59,0,0,9,22.75,13.08333333,62.08333333,21.58333333,70.58333333,45.83333333,0,0,0.75,22.5,13,63.5,21,73,43.5,0,0,0
30,2015,9178,10273,5161,6964,14356,318927,1031495,0.30918909,26,23,77,29,91,66,0,0,0,19.33333333,15.83333333,65.25,21.16666667,75.41666667,10.58333333,0,0,0,19.5,15.5,64.5,20.5,76.5,0,0,0,0
31,2015,3703,4417,1308,5196,6348,134850,1892059,0.071271562,28,17,69,25,90,43,0,0,0,22.58333333,12,65.25,22.5,74.25,24.58333333,0,0,0,22,12,66.5,23,79,32,0,0,0
32,2015,4809,4138,1013,6902,7826,198505,2868531,0.069200925,20,17,68,27,76,79,0,0,0,17.41666667,13.33333333,64,23.16666667,67.58333333,50.75,0,0,0,17.5,13,64,23,67.5,50,0,0,0
34,2015,26603,42739,14168,27727,66064,2272106,8870312,0.256147247,25,13,68,25,87,38,7,7,7,21,10.58333333,63.91666667,21.25,72,29,1,1.5,2.916666667,21.5,10.5,64.5,21,74,29,0,0,2.5
35,2015,16801,30001,9177,12878,25524,849703,2090071,0.406542649,30,25,80,29,96,66,0,0,0,20.25,19.83333333,67.58333333,22.5,77.41666667,38.83333333,0,0,0,19.5,19.5,67.5,22.5,80,47.5,0,0,0
36,2015,6309,8267,3369,8688,11000,378361,19657321,0.019247842,23,12,68,24,78,46,3,4,7,19.5,10.08333333,62.16666667,21.16666667,65.5,41.75,0.916666667,1.75,4.25,19.5,10.5,61.5,21,66.5,42,0,2,4
37,2015,44644,43281,26569,58042,87236,1576799,10037218,0.157095223,26,16,69,26,93,40,0,0,5,22.5,13.25,61.91666667,22.33333333,73.25,33.25,0,0,0.416666667,23,13,62,22.5,75.5,33.5,0,0,0
38,2015,4341,2134,1818,1854,4968,101275,755537,0.134043733,26,16,75,21,89,81,0,0,0,18.5,11.33333333,63.16666667,17.41666667,70.41666667,11.91666667,0,0,0,18.5,11.5,62,17,72.5,0,0,0,0
39,2015,54441,72857,50940,62295,103352,2902080,11622315,0.249698963,25,13,68,24,78,46,0,0,11,20.41666667,11,61.5,19.83333333,69.5,37.41666667,0,0,4.333333333,19.5,11,62,19.5,71,36.5,0,0,3.5
40,2015,9884,10558,3059,14001,22847,521029,3910518,0.133237847,26,15,69,26,78,72,0,0,0,20.91666667,12.41666667,59.66666667,21.41666667,64,44.58333333,0,0,0,21,12.5,58.5,21,61.5,37.5,0,0,0
41,2015,20616,36217,3556,11157,30180,913779,4018542,0.227390681,23,16,64,23,69,57,0,0,15,16.16666667,11.66666667,49.41666667,17.33333333,52.16666667,41.91666667,0,0,1.25,16,12,55,18,51.5,43,0,0,0
44,2015,3868,4278,1962,3702,5943,224373,1056886,0.212296312,29,13,74,24,77,70,0,0,0,22.33333333,10.83333333,65.58333333,19.16666667,66.41666667,35.91666667,0,0,0,22.5,11.5,66,19,66,43,0,0,0
45,2015,14146,13782,15029,13947,24882,581774,4896006,0.118826243,24,15,61,26,81,53,0,0,11,20.66666667,11.66666667,53.08333333,20.83333333,63.16666667,37.83333333,0,0,0.916666667,21,11.5,52.5,20,64.5,37.5,0,0,0
46,2015,1223,3800,1309,1897,3923,111281,854663,0.130204537,32,21,73,29,98,0,0,0,0,23.5,13.41666667,63.75,19.66666667,76.16666667,0,0,0,0,23,12,64,18.5,79,0,0,0,0
47,2015,17569,11916,7021,27497,36609,796853,6595354,0.120820353,21,12,58,24,67,53,0,0,12,17.83333333,10.58333333,52.83333333,19.25,57,42.5,0,0,1,18,10.5,53,19.5,57,42,0,0,0
48,2015,28876,21903,22738,56076,62649,2412691,27468531,0.08783473,24,13,63,23,83,45,2,5,7,21.25,11.66666667,56.41666667,21.5,67.66666667,39.75,0.166666667,0.75,3.25,22.5,12,57,21.5,68.5,40.5,0,0,3
49,2015,14770,10091,6197,7819,14896,355021,2983626,0.11898978,23,14,64,23,86,32,0,16,0,18.91666667,11.91666667,58.08333333,19.25,69.83333333,21.5,0,1.333333333,0,19,12,57.5,20,69.5,23,0,0,0
50,2015,3038,6550,1877,1636,4242,171225,625810,0.273605407,26,22,71,21,82,0,0,0,0,21.33333333,15.33333333,59.75,18,64.91666667,0,0,0,0,22.5,14,61,18.5,64.5,0,0,0,0
51,2015,25874,22204,20570,31251,39557,806768,8367303,0.096419121,26,15,68,23,74,34,0,0,8,16.58333333,9.583333333,47,16.83333333,51,24.16666667,0,0,1.333333333,15.5,9,45.5,16,49,23,0,0,0
53,2015,10145,15608,3361,13579,26389,525171,7167287,0.073273332,23,16,71,23,83,50,0,0,10,20.58333333,14.58333333,65.33333333,20.5,69.25,41.91666667,0,0,0.833333333,20.5,15,65,20.5,70.5,42,0,0,0
55,2015,7990,9857,3707,11951,16606,503053,5762927,0.087291232,25,15,72,25,86,61,0,0,17,21.75,12.16666667,66.91666667,21.25,75.33333333,47.33333333,0,0,2.333333333,22.5,12.5,67.5,22.5,80.5,46.5,0,0,0
56,2015,3805,4282,1715,2492,6028,124555,586389,0.212410192,24,19,59,33,100,0,0,0,0,19.25,12.08333333,52.91666667,21.25,72.91666667,0,0,0,0,19.5,12,54,21.5,76,0,0,0,0
1,2014,14618,9797,15268,17473,28848,658152,4843737,0.135876907,29,13,54,26,78,40,0,0,0,22.66666667,10.66666667,49.08333333,22.66666667,64.75,34.16666667,0,0,0,23,11,49.5,23,67.5,34,0,0,0
4,2014,36309,38608,31573,42697,40473,1096762,6732873,0.162896582,27,17,63,25,79,40,0,0,0,20.91666667,12.5,57.75,22.83333333,68.75,33.41666667,0,0,0,20.5,12,56.5,23,70.5,34,0,0,0
5,2014,6910,8581,4218,13279,17221,469436,2968759,0.158125331,30,17,65,27,90,54,0,0,0,24.16666667,12.41666667,56.08333333,25.33333333,72.25,30.41666667,0,0,0,25.5,12,55,26,73,40.5,0,0,0
6,2014,75241,107719,52181,113619,196768,4871992,38586706,0.126260894,21,12,57,22,69,48,0,2,2,18.5,9.833333333,53.83333333,19.83333333,62.75,41.66666667,0,0.333333333,0.333333333,19,10,54,20,64.5,41.5,0,0,0
8,2014,19844,29460,10244,25165,33297,803044,5352637,0.150027734,21,15,56,23,72,47,0,0,0,18.66666667,12.33333333,52.33333333,21.83333333,62.5,38.66666667,0,0,0,19.5,12,53,22,64,38,0,0,0
9,2014,11692,19624,10146,16189,24319,638412,3595697,0.177548887,28,15,62,25,77,52,0,0,0,22.16666667,11.5,56.75,21.58333333,64.5,38.58333333,0,0,0,22.5,11.5,57.5,21.5,64,38,0,0,0
10,2014,947,1803,1117,2221,2245,68777,933131,0.073705621,36,17,64,30,80,0,0,0,0,23,11.08333333,57.33333333,23.25,67.83333333,0,0,0,0,21.5,11,59,23,72,0,0,0,0
11,2014,786,2104,1378,3879,10107,174674,663603,0.26322063,24,14,65,24,62,44,0,0,0,20.5,11.5,52.58333333,21.08333333,54.25,29.08333333,0,0,0,21.5,11,50,21,55,31,0,0,0
12,2014,9593,18589,12187,38727,49239,1623453,19853880,0.081770062,24,12,56,24,62,34,0,0,3,20.91666667,9.75,51.33333333,22.5,54.41666667,30.5,0,0,0.25,20.5,9.5,51.5,22,53.5,31,0,0,0
15,2014,567,2853,639,1844,3265,87509,1415335,0.061829178,27,19,63,23,81,37,0,0,0,20.91666667,13.08333333,54.91666667,19.91666667,64.91666667,13.75,0,0,0,20,13.5,56.5,20,65,0,0,0,0
16,2014,384,419,232,1491,1079,95684,1632248,0.058620994,26,16,59,26,87,97,0,0,0,21.25,13.58333333,55.25,21.33333333,76.25,44.08333333,0,0,0,22,14,55,22,76.5,56.5,0,0,0
17,2014,25779,22577,17847,32901,48326,977889,12885092,0.075893055,24,11,58,24,67,55,0,5,4,19.83333333,8.416666667,51.91666667,20.91666667,58.66666667,43.08333333,0,0.416666667,0.666666667,19.5,8,51.5,20.5,60.5,42,0,0,0
18,2014,27858,24457,25442,19326,44754,900622,6596019,0.136540237,26,13,56,25,78,47,0,0,0,22,10.16666667,53,21.5,68.66666667,35.83333333,0,0,0,22,9.5,54,21.5,71,35.5,0,0,0
19,2014,14441,24162,19261,12349,22277,770533,3110643,0.247708593,28,14,62,26,89,60,0,0,0,23.83333333,10.58333333,55.83333333,21.08333333,71.75,37.58333333,0,0,0,25,10.5,55.5,20.5,72,35.5,0,0,0
20,2014,9753,8452,8844,11272,14109,563604,2901861,0.19422157,25,13,56,25,73,39,0,0,0,21.16666667,10.58333333,50.66666667,21.66666667,62.33333333,32.5,0,0,0,21,10.5,50.5,21.5,62,33.5,0,0,0
21,2014,33196,29448,23676,30497,46679,1101892,4416992,0.249466605,24,13,58,24,66,46,0,0,0,20.75,9.75,53.41666667,21.33333333,59.58333333,34.33333333,0,0,0,21,10,54,22,60.5,33.5,0,0,0
22,2014,3666,2215,3937,10581,16919,317348,4645938,0.068306551,28,11,59,26,67,65,0,0,23,22.83333333,9.083333333,51.58333333,22.08333333,56.91666667,51.91666667,0,0,1.916666667,23,9,51.5,22,59.5,47.5,0,0,0
25,2014,3222,5853,1996,8127,6124,222769,6764864,0.0329303,25,13,61,24,73,64,0,0,7,20.91666667,10.91666667,58,21.25,62.16666667,54.25,0,0,0.583333333,20.5,11,58,22,62,55,0,0,0
27,2014,62535,57725,31729,29563,85363,1418179,5452665,0.260089149,24,12,63,22,76,67,0,0,0,20.83333333,9.75,57.33333333,20.25,66,53.91666667,0,0,0,21.5,9.5,58,20.5,69.5,54.5,0,0,0
28,2014,3824,5331,7360,6381,12215,600996,2991892,0.200874898,36,15,64,30,86,59,0,0,0,26.66666667,9.833333333,54.58333333,25.08333333,65.83333333,36.91666667,0,0,0,26,9.5,53.5,25.5,65.5,37.5,0,0,0
29,2014,5315,7038,6199,19402,23185,522274,6059130,0.086196203,26,13,59,25,75,54,0,0,0,22.33333333,11.16666667,53.75,22.25,65.66666667,39.58333333,0,0,0,22.5,11,53,22.5,66.5,41,0,0,0
30,2014,8034,9068,5146,6909,13401,301015,1022657,0.294346003,27,23,69,29,83,89,0,0,0,21.41666667,15.25,56.08333333,22.83333333,71.91666667,7.416666667,0,0,0,22.5,15,55,24,75.5,0,0,0,0
31,2014,3663,4658,1496,5990,7204,156492,1879955,0.083242418,30,15,65,26,78,55,33,0,0,23.66666667,11.66666667,56.91666667,23,69.33333333,35.33333333,2.75,0,0,22,11.5,56,23,70.5,44.5,0,0,0
32,2014,4854,3799,980,7548,8637,210557,2818935,0.074693812,22,16,61,25,74,62,0,0,0,19.5,11.41666667,56.66666667,22.16666667,64.66666667,46.25,0,0,0,20,11.5,57,22,67,48.5,0,0,0
34,2014,27198,44846,16732,28886,66942,2271386,8867277,0.256153721,25,11,63,27,78,35,0,5,0,21.33333333,8.666666667,58.91666667,23.08333333,68.83333333,28.66666667,0,0.416666667,0,21,8.5,59,23,71,27.5,0,0,0
35,2014,12226,26660,8356,11831,19594,651041,2090236,0.3114677,28,22,73,27,87,92,0,0,0,20.58333333,18.58333333,60.16666667,23.5,73.41666667,33.91666667,0,0,0,20,18.5,57.5,24.5,75.5,37.5,0,0,0
36,2014,5119,8056,3372,10873,10365,371270,19653431,0.018890849,25,11,59,26,76,48,3,0,2,20.16666667,8.666666667,55.58333333,22.16666667,62.66666667,41.33333333,0.25,0,0.166666667,20.5,8.5,56,22,63.5,41.5,0,0,0
37,2014,37787,38933,28522,59966,77060,1534548,9937295,0.15442311,29,15,59,26,75,41,0,6,0,23.33333333,12.5,55.33333333,22.66666667,66,32.5,0,0.5,0,23,12,55,22,67.5,32,0,0,0
38,2014,4297,2109,1883,1991,4849,98307,738736,0.133074603,28,12,65,26,81,0,82,0,0,19.25,7.916666667,55.5,18.33333333,65.66666667,0,6.833333333,0,0,20,8,55.5,18.5,67.5,0,0,0,0
39,2014,32596,58688,40267,54189,86024,2603875,11606573,0.22434486,26,12,60,22,74,41,0,0,0,21.25,9.416666667,54.83333333,20.16666667,64.08333333,36.58333333,0,0,0,20.5,9,55,20,63.5,37.5,0,0,0
40,2014,11748,11675,3716,17031,26553,554786,3879187,0.143016049,24,14,59,26,75,58,0,0,0,21.41666667,10.91666667,54.25,22.33333333,61.83333333,41.25,0,0,0,22,10.5,54.5,22.5,61,43,0,0,0
41,2014,13454,29199,12416,6537,20077,835603,3965447,0.210721011,22,13,51,21,67,49,7,7,0,12.66666667,7.916666667,33.83333333,14.41666667,38.75,29.33333333,0.583333333,0.583333333,0,11.5,7,34,14,36.5,30.5,0,0,0
42,2014,38721,52586,59025,70717,112626,4307891,12792392,0.336754143,24,12,66,24,69,42,0,5,0,20.16666667,9.916666667,56.41666667,20.5,60.66666667,35.66666667,0,0.416666667,0,20,10,55.5,20.5,62,36,0,0,0
44,2014,4607,4876,2422,4630,6455,214836,1056511,0.203344783,32,14,66,26,75,61,0,0,0,22.08333333,10.75,58.83333333,21.66666667,63.16666667,21.25,0,0,0,21.5,10.5,58.5,21,65,0,0,0,0
45,2014,13012,13330,14877,14407,23636,565671,4826858,0.117192385,27,13,51,23,78,46,0,0,0,21.08333333,10.41666667,46.58333333,20.66666667,60.25,36.41666667,0,0,0,20.5,10,46.5,20.5,60,35,0,0,0
46,2014,1116,3497,1289,1835,3579,103499,849670,0.121810821,29,16,65,28,100,0,0,0,0,21.41666667,8.916666667,52.33333333,20.58333333,71.75,0,0,0,0,22.5,10,53,20.5,74,0,0,0,0
47,2014,22331,14238,8750,34484,43210,770435,6544617,0.117720411,21,12,52,22,61,51,0,0,8,18.58333333,9.916666667,47,20.08333333,54.41666667,40.83333333,0,0,0.666666667,18.5,9.5,47,21,56.5,41,0,0,0
48,2014,33935,25370,31918,77845,77025,2245644,26963092,0.083285849,26,12,55,26,77,42,0,0,3,22.08333333,9.833333333,50.16666667,22.16666667,62.83333333,38.83333333,0,0,0.583333333,21.5,10,50,22,64.5,39,0,0,0
49,2014,14051,8971,6090,7681,13976,337372,2938327,0.114817718,25,12,55,23,77,40,0,0,0,20.75,9.833333333,50.75,19.66666667,64.91666667,25.91666667,0,0,0,21.5,10,52,20,67,25.5,0,0,0
50,2014,3370,6998,2111,1829,4849,170948,625693,0.27321386,28,15,62,26,76,0,0,0,0,20.91666667,13.08333333,53.75,19.41666667,66.08333333,0,0,0,0,19.5,14,53.5,20,67,0,0,0,0
51,2014,24325,20667,20170,30815,38009,784520,8315430,0.094345091,25,12,57,24,74,34,0,0,3,17.75,8.333333333,44.08333333,18.66666667,49.66666667,26.08333333,0,0,0.25,16.5,8,43.5,18.5,45,24,0,0,0
53,2014,8719,14279,3303,12832,23126,487623,7057531,0.069092576,24,14,63,24,75,49,0,0,0,20.25,13.08333333,57.66666667,21.75,65.91666667,41.25,0,0,0,19.5,13,57,22,67.5,41.5,0,0,0
55,2014,11799,14505,5303,18021,28270,694978,5753199,0.120798533,26,13,63,26,82,62,0,0,12,21.91666667,10.41666667,56.16666667,21.91666667,69.08333333,44.83333333,0,0,1,21.5,10.5,55,22,71,44.5,0,0,0
56,2014,3585,4100,1682,2486,5859,119988,583159,0.205755206,25,13,58,31,82,0,0,0,0,19.16666667,7.5,50,20.25,68.16666667,0,0,0,0,20,10.5,52,19.5,70.5,0,0,0,0
1,2013,14529,10242,15485,17877,30291,678407,4831586,0.14041083,28,11,52,25,77,50,0,0,0,23.5,8.75,47.25,22.33333333,59,32.58333333,0,0,0,23,8.5,47.5,22,59.5,34,0,0,0
4,2013,41236,43758,37832,50225,50635,1325029,6634690,0.19971227,23,13,59,25,72,41,0,0,0,20.08333333,10.58333333,51.91666667,22,62.08333333,31.83333333,0,0,0,19.5,11,52.5,22,64.5,31,0,0,0
5,2013,6898,8886,6715,13327,17751,485413,2960459,0.163965453,30,15,56,25,93,54,0,0,0,21.66666667,10.66666667,50.91666667,22.25,67.25,31.75,0,0,0,22,10.5,51.5,22.5,69,37.5,0,0,0
6,2013,67221,100627,52025,108980,186160,4690915,38253768,0.122626221,21,11,54,24,63,49,0,0,2,17.91666667,8.916666667,49.91666667,19.66666667,56.16666667,41.25,0,0,0.166666667,18,9,50,19,58,41.5,0,0,0
8,2013,17235,27566,9793,23741,29711,722969,5270774,0.137165623,22,12,51,26,69,47,0,0,0,18.25,10.91666667,47.58333333,21.58333333,57.66666667,39.41666667,0,0,0,18,11,48,21,61,40,0,0,0
9,2013,12753,18499,9698,15282,22633,626184,3595792,0.174143554,27,12,57,26,74,47,0,0,0,21.25,9.666666667,52,22.08333333,60.08333333,38.83333333,0,0,0,21.5,10,51.5,22,62,40,0,0,0
10,2013,844,1453,1152,2000,2043,61701,924062,0.066771494,32,14,60,32,78,0,0,0,0,24.16666667,8.833333333,51.66666667,25.08333333,65,0,0,0,0,24.5,9,52.5,25,66,0,0,0,0
12,2013,12927,26190,22589,52256,69402,1798415,19551678,0.091982642,25,9,50,26,55,37,0,0,0,20.16666667,8,46.83333333,22,49,30.5,0,0,0,20,8,47,21.5,49.5,29.5,0,0,0
15,2013,742,2585,666,1872,3171,89017,1408822,0.063185413,24,15,55,29,82,45,0,0,0,21.5,13.08333333,49.75,20,64.41666667,3.75,0,0,0,22.5,13,50,19,65,0,0,0,0
16,2013,731,967,448,2539,2164,80948,1612053,0.05021423,27,15,56,30,80,72,0,0,0,21.25,11.16666667,47.25,22.08333333,68.83333333,25.58333333,0,0,0,21.5,11,48,22.5,76,0,0,0,0
17,2013,22948,22033,17715,32195,48611,983374,12895778,0.0762555,22,9,52,25,63,52,0,0,0,19.75,7.416666667,48.75,20.91666667,54.5,42.66666667,0,0,0,20.5,7.5,49,21,56,41.5,0,0,0
18,2013,25787,23324,24483,19338,42646,878384,6570575,0.133684495,25,10,52,24,75,50,0,0,0,21.58333333,8.583333333,48.33333333,21.16666667,62.83333333,31.58333333,0,0,0,22.5,9,48.5,20.5,64,31,0,0,0
19,2013,12052,21454,19005,10892,18637,735661,3093935,0.237775196,30,12,53,23,76,48,0,0,0,22.33333333,8.916666667,49.41666667,20.08333333,63.91666667,34.33333333,0,0,0,22.5,9.5,50.5,20,70,35.5,0,0,0
20,2013,15305,15715,15806,17464,22006,588873,2894306,0.203459137,27,13,55,26,71,53,0,0,0,22.25,9.833333333,49.25,22.16666667,58.75,34.58333333,0,0,0,22,9.5,49,22,60.5,36,0,0,0
21,2013,32159,29667,24691,30837,47146,1125139,4406906,0.255312684,25,11,54,23,68,41,0,0,0,21.08333333,8.333333333,47.75,20.33333333,55.08333333,34.66666667,0,0,0,21.5,8,48,20,53,35.5,0,0,0
22,2013,4936,2590,4392,9640,15788,357538,4626040,0.077288134,31,11,54,25,63,68,0,0,0,23.66666667,8.083333333,48.33333333,21.66666667,53.66666667,52.75,0,0,0,23.5,8,49,21,55,55,0,0,0
25,2013,2737,5457,1896,7722,5238,203025,6715158,0.030233838,25,13,60,25,65,64,0,0,0,21.08333333,9.916666667,55.33333333,21,56.66666667,56.08333333,0,0,0,22,10,55,21,58,56,0,0,0
28,2013,6672,8180,13885,12336,23889,609705,2989839,0.203925696,33,13,60,26,75,52,0,0,0,25.25,9.333333333,51.41666667,24,60.41666667,36.66666667,0,0,0,23.5,10,51.5,24.5,62,36.5,0,0,0
29,2013,5276,7021,6335,19703,23142,529429,6042989,0.087610452,26,11,53,24,69,44,0,0,0,21.25,9.416666667,49.41666667,21.41666667,56.83333333,36.5,0,0,0,21.5,10,50,21,57.5,35.5,0,0,0
30,2013,7173,8213,4750,6960,12921,287351,1014158,0.28333948,32,17,59,31,82,0,0,0,0,20.08333333,13.08333333,52.41666667,24.33333333,65.58333333,0,0,0,0,19,13,52,23,66,0,0,0,0
31,2013,3336,4295,1298,6092,6998,152606,1865813,0.081790619,31,12,60,31,81,67,0,0,0,23.41666667,9.416666667,52,22.83333333,64.41666667,17,0,0,0,23,10,51.5,22,66.5,0,0,0,0
32,2013,4645,3690,994,7753,8583,201715,2776956,0.072638889,24,13,60,26,79,57,0,0,0,18.33333333,9.833333333,53,21.91666667,60.33333333,38.16666667,0,0,0,17.5,9.5,53.5,21,58.5,37,0,0,0
34,2013,26597,45683,16992,29584,68550,2265750,8857821,0.255790899,25,10,59,28,77,32,0,0,0,21.41666667,8.083333333,56.08333333,22.83333333,64.83333333,27.75,0,0,0,22,8,56,22,65.5,28.5,0,0,0
35,2013,12819,27102,9624,12095,21052,561364,2092833,0.268231627,28,20,59,26,90,50,0,0,0,22.5,17,54.58333333,23.25,71.58333333,7.333333333,0,0,0,23,16.5,54.5,24,71.5,0,0,0,0
36,2013,4779,7608,3273,10850,10235,367548,19626488,0.018727141,23,10,59,24,76,52,0,0,3,19.83333333,7.916666667,52.41666667,22.08333333,57.75,42.58333333,0,0,0.25,20,8,52.5,22,58.5,42.5,0,0,0
37,2013,36852,39812,31119,59410,80771,1562131,9846717,0.158644856,28,13,54,26,72,37,0,0,0,24,10.91666667,51,22,60.83333333,33,0,0,0,25.5,10.5,50.5,21.5,63.5,33,0,0,0
38,2013,4034,2200,1919,1982,4896,101475,723149,0.140323778,27,14,62,22,72,0,0,0,0,21,8.416666667,49.66666667,17,55.66666667,0,0,0,0,24.5,9.5,51.5,17,56.5,0,0,0,0
39,2013,25814,52469,37462,47636,72777,2258306,11579692,0.195022976,25,10,53,23,71,47,0,0,0,21.66666667,8.25,50.33333333,19.66666667,59.66666667,40,0,0,0,22.5,8,50,19,62,41,0,0,0
40,2013,12421,10766,3586,19024,28510,535630,3853891,0.138984211,26,12,61,27,69,54,0,0,0,21.08333333,10.16666667,50.66666667,22.33333333,57.25,45.33333333,0,0,0,21,10,49,22,56.5,48,0,0,0
41,2013,15110,29898,10150,9400,21048,896368,3924110,0.228425809,26,14,51,25,69,55,0,0,0,16.08333333,9.166666667,35.91666667,18.75,44.75,33.66666667,0,0,0,15,9,35.5,18.5,42.5,36.5,0,0,0
42,2013,34431,51325,53710,50726,95520,4525505,12779538,0.354121174,26,11,58,24,68,40,0,0,0,20.66666667,9.166666667,52.83333333,20.75,57.25,36.75,0,0,0,20.5,9.5,52.5,20.5,56.5,37,0,0,0
44,2013,5102,5416,2750,5553,7716,224415,1055560,0.212602789,27,15,65,25,77,79,0,0,0,22.33333333,11.41666667,56.66666667,19.66666667,61.66666667,26.83333333,0,0,0,21.5,12,56.5,19.5,62,19,0,0,0
45,2013,11780,12217,14723,14222,22706,554103,4766469,0.116250205,28,11,48,25,68,44,0,0,0,21.83333333,9.666666667,43.75,20,53.91666667,34.16666667,0,0,0,22,10,43.5,20,53,34,0,0,0
46,2013,1011,3354,1261,1805,3467,100865,842751,0.119685411,28,17,53,22,75,100,0,0,0,22.08333333,6.583333333,46.33333333,18.75,61.75,8.333333333,0,0,0,22,8,46,18,64,0,0,0,0
47,2013,21008,12335,9394,28525,35275,667814,6496943,0.102788958,22,11,46,23,62,52,0,0,0,18.83333333,8.666666667,42.58333333,19.91666667,50.33333333,38.91666667,0,0,0,19,8,43,20,52,38,0,0,0
48,2013,30953,24900,32889,78713,75727,2150435,26479646,0.081210867,26,10,50,25,70,45,0,0,0,21.33333333,8.333333333,45.83333333,21.91666667,55,37.75,0,0,0,21.5,8,45.5,21.5,57,38,0,0,0
49,2013,13732,8363,6393,7873,14256,318237,2898773,0.109783346,25,12,52,22,69,38,0,14,0,19.83333333,8.75,46.25,19.41666667,58.83333333,25.58333333,0,1.166666667,0,20,8,47,19,61.5,28.5,0,0,0
50,2013,3379,7550,2194,2008,5422,169020,626603,0.26974017,26,14,56,25,72,0,0,0,0,20.16666667,11.08333333,48.75,19.75,59.33333333,0,0,0,0,21,11,50,21,61.5,0,0,0,0
51,2013,21422,19027,18967,29164,36816,764564,8255861,0.092608633,25,12,55,26,73,38,0,0,0,22.58333333,10.58333333,51.91666667,21.91666667,60.58333333,30.5,0,0,0,23.5,10.5,52,22,62,30,0,0,0
53,2013,18855,31489,7322,21972,49811,1025049,6966252,0.147144978,23,14,57,26,69,49,0,0,0,20.75,12.58333333,54.25,21.83333333,60.5,43.33333333,0,0,0,21.5,12,54.5,21,61.5,44,0,0,0
55,2013,10992,14090,5093,18133,27939,671945,5738012,0.117104147,24,10,57,24,77,58,0,0,17,21,9.083333333,51.75,20.66666667,63.16666667,44.25,0,0,1.416666667,22,9,51.5,21,66.5,45.5,0,0,0
56,2013,3068,3975,1533,2368,5554,116091,582620,0.199256805,27,13,50,26,85,0,0,0,0,17.16666667,3.083333333,43.16666667,19.41666667,63,0,0,0,0,15.5,0,43.5,19.5,66,0,0,0,0
